-- MariaDB dump 10.19  Distrib 10.4.18-MariaDB, for debian-linux-gnu (x86_64)
--
-- Host: localhost    Database: dandora_backend
-- ------------------------------------------------------
-- Server version	10.4.18-MariaDB-1:10.4.18+maria~focal

/*!40101 SET @OLD_CHARACTER_SET_CLIENT=@@CHARACTER_SET_CLIENT */;
/*!40101 SET @OLD_CHARACTER_SET_RESULTS=@@CHARACTER_SET_RESULTS */;
/*!40101 SET @OLD_COLLATION_CONNECTION=@@COLLATION_CONNECTION */;
/*!40101 SET NAMES utf8 */;
/*!40103 SET @OLD_TIME_ZONE=@@TIME_ZONE */;
/*!40103 SET TIME_ZONE='+00:00' */;
/*!40014 SET @OLD_UNIQUE_CHECKS=@@UNIQUE_CHECKS, UNIQUE_CHECKS=0 */;
/*!40014 SET @OLD_FOREIGN_KEY_CHECKS=@@FOREIGN_KEY_CHECKS, FOREIGN_KEY_CHECKS=0 */;
/*!40101 SET @OLD_SQL_MODE=@@SQL_MODE, SQL_MODE='NO_AUTO_VALUE_ON_ZERO' */;
/*!40111 SET @OLD_SQL_NOTES=@@SQL_NOTES, SQL_NOTES=0 */;

--
-- Table structure for table `bookings`
--

DROP TABLE IF EXISTS `bookings`;
/*!40101 SET @saved_cs_client     = @@character_set_client */;
/*!40101 SET character_set_client = utf8 */;
CREATE TABLE `bookings` (
  `id` bigint(20) unsigned NOT NULL AUTO_INCREMENT,
  `created_at` timestamp NULL DEFAULT NULL,
  `updated_at` timestamp NULL DEFAULT NULL,
  `date_booked` timestamp NOT NULL DEFAULT '2021-04-28 15:53:13',
  `expected_occupy_date` timestamp NOT NULL DEFAULT '2021-04-28 15:53:13',
  `paid` tinyint(1) NOT NULL,
  `house_id` bigint(20) unsigned NOT NULL,
  `tenant_id` bigint(20) unsigned NOT NULL,
  PRIMARY KEY (`id`),
  KEY `bookings_house_id_foreign` (`house_id`),
  KEY `bookings_tenant_id_foreign` (`tenant_id`),
  CONSTRAINT `bookings_house_id_foreign` FOREIGN KEY (`house_id`) REFERENCES `houses` (`id`) ON DELETE CASCADE,
  CONSTRAINT `bookings_tenant_id_foreign` FOREIGN KEY (`tenant_id`) REFERENCES `tenants` (`id`) ON DELETE CASCADE
) ENGINE=InnoDB AUTO_INCREMENT=12 DEFAULT CHARSET=utf8mb4 COLLATE=utf8mb4_unicode_ci;
/*!40101 SET character_set_client = @saved_cs_client */;

--
-- Dumping data for table `bookings`
--

LOCK TABLES `bookings` WRITE;
/*!40000 ALTER TABLE `bookings` DISABLE KEYS */;
INSERT INTO `bookings` VALUES (1,'2021-04-28 16:36:46','2021-04-28 16:36:46','2021-04-28 16:36:46','2021-06-07 16:36:46',1,58,20),(2,'2021-04-28 16:36:46','2021-04-28 16:36:46','2021-04-28 16:36:46','2021-06-07 16:36:46',0,57,15),(3,'2021-04-28 16:36:46','2021-04-28 16:36:46','2021-04-28 16:36:46','2021-06-07 16:36:46',0,55,17),(4,'2021-04-28 16:36:46','2021-04-28 16:36:46','2021-04-28 16:36:46','2021-06-07 16:36:46',1,51,13),(5,'2021-04-28 16:36:46','2021-04-28 16:36:46','2021-04-28 16:36:46','2021-06-07 16:36:46',0,56,15),(6,'2021-04-28 16:36:46','2021-04-28 16:36:46','2021-04-28 16:36:46','2021-06-07 16:36:46',0,56,18),(7,'2021-04-28 16:36:46','2021-04-28 16:36:46','2021-04-28 16:36:46','2021-06-07 16:36:46',0,53,19),(8,'2021-04-28 16:36:46','2021-04-28 16:36:46','2021-04-28 16:36:46','2021-06-07 16:36:46',1,55,20),(9,'2021-04-28 16:36:46','2021-04-28 16:36:46','2021-04-28 16:36:46','2021-06-07 16:36:46',0,53,14),(10,'2021-04-28 16:36:47','2021-04-28 16:36:47','2021-04-28 16:36:46','2021-06-07 16:36:46',1,60,13),(11,'2021-04-29 07:23:45','2021-04-29 07:23:45','2021-04-28 16:36:46','2021-06-07 16:36:46',1,59,20);
/*!40000 ALTER TABLE `bookings` ENABLE KEYS */;
UNLOCK TABLES;

--
-- Table structure for table `failed_jobs`
--

DROP TABLE IF EXISTS `failed_jobs`;
/*!40101 SET @saved_cs_client     = @@character_set_client */;
/*!40101 SET character_set_client = utf8 */;
CREATE TABLE `failed_jobs` (
  `id` bigint(20) unsigned NOT NULL AUTO_INCREMENT,
  `uuid` varchar(255) COLLATE utf8mb4_unicode_ci NOT NULL,
  `connection` text COLLATE utf8mb4_unicode_ci NOT NULL,
  `queue` text COLLATE utf8mb4_unicode_ci NOT NULL,
  `payload` longtext COLLATE utf8mb4_unicode_ci NOT NULL,
  `exception` longtext COLLATE utf8mb4_unicode_ci NOT NULL,
  `failed_at` timestamp NOT NULL DEFAULT current_timestamp(),
  PRIMARY KEY (`id`),
  UNIQUE KEY `failed_jobs_uuid_unique` (`uuid`)
) ENGINE=InnoDB DEFAULT CHARSET=utf8mb4 COLLATE=utf8mb4_unicode_ci;
/*!40101 SET character_set_client = @saved_cs_client */;

--
-- Dumping data for table `failed_jobs`
--

LOCK TABLES `failed_jobs` WRITE;
/*!40000 ALTER TABLE `failed_jobs` DISABLE KEYS */;
/*!40000 ALTER TABLE `failed_jobs` ENABLE KEYS */;
UNLOCK TABLES;

--
-- Table structure for table `houses`
--

DROP TABLE IF EXISTS `houses`;
/*!40101 SET @saved_cs_client     = @@character_set_client */;
/*!40101 SET character_set_client = utf8 */;
CREATE TABLE `houses` (
  `id` bigint(20) unsigned NOT NULL AUTO_INCREMENT,
  `created_at` timestamp NULL DEFAULT NULL,
  `updated_at` timestamp NULL DEFAULT NULL,
  `title` varchar(255) COLLATE utf8mb4_unicode_ci NOT NULL,
  `description` varchar(255) COLLATE utf8mb4_unicode_ci NOT NULL,
  `bedrooms` varchar(255) COLLATE utf8mb4_unicode_ci NOT NULL,
  `rent` double NOT NULL,
  `phase` varchar(255) COLLATE utf8mb4_unicode_ci NOT NULL,
  `photo1` varchar(45) COLLATE utf8mb4_unicode_ci DEFAULT NULL,
  `photo2` varchar(45) COLLATE utf8mb4_unicode_ci DEFAULT NULL,
  `photo3` varchar(45) COLLATE utf8mb4_unicode_ci DEFAULT NULL,
  PRIMARY KEY (`id`)
) ENGINE=InnoDB AUTO_INCREMENT=163 DEFAULT CHARSET=utf8mb4 COLLATE=utf8mb4_unicode_ci;
/*!40101 SET character_set_client = @saved_cs_client */;

--
-- Dumping data for table `houses`
--

LOCK TABLES `houses` WRITE;
/*!40000 ALTER TABLE `houses` DISABLE KEYS */;
INSERT INTO `houses` VALUES (51,'2021-04-28 16:32:05','2021-04-28 16:32:05','Spcious 4 bedroom house','Alias incidunt omnis tenetur autem est aut.','2',10386.07,'I','11/1.jpg','16/2.jpg','16/3.jpg'),(52,'2021-04-28 16:32:05','2021-04-28 16:32:05','Cosy 1 bedroom house','Magni laudantium sint eos repellat libero.','3',1000,'II','7/1.jpg','3/2.jpg','12/3.jpg'),(53,'2021-04-28 16:32:05','2021-04-28 16:32:05','Cosy 4 bedroom house','Eos optio alias facere quis reiciendis et voluptates.','3',86382.35,'III','3/1.jpg','20/2.jpg','15/3.jpg'),(54,'2021-04-28 16:32:05','2021-04-28 16:32:05','Spcious 3 bedroom house','Aut quia sit et culpa doloribus.','2',26249.06,'I','20/1.jpg','11/2.jpg','10/3.jpg'),(55,'2021-04-28 16:32:06','2021-04-28 16:32:06','Cosy 3 bedroom house','Aut delectus accusamus nesciunt eos rerum tempore.','1',1000,'II','10/1.jpg','21/2.jpg','5/3.jpg'),(56,'2021-04-28 16:32:06','2021-04-28 16:32:06','Cosy 4 bedroom house','Alias animi fugit quibusdam et.','1',2125.59,'III','18/1.jpg','19/2.jpg','21/3.jpg'),(57,'2021-04-28 16:32:06','2021-04-28 16:32:06','Spcious 2 bedroom house','Rerum repudiandae et dolore adipisci unde.','4',1000,'I','8/1.jpg','4/2.jpg','10/3.jpg'),(58,'2021-04-28 16:32:06','2021-04-28 16:32:06','Cosy 2 bedroom house','Facere facere iure distinctio eum ratione magnam.','1',1000,'II','12/1.jpg','17/2.jpg','15/3.jpg'),(59,'2021-04-28 16:32:06','2021-04-28 16:32:06','Cosy 4 bedroom house','Modi eius maxime earum rem qui magni sed consequatur.','3',45829.29,'III','8/1.jpg','19/2.jpg','15/3.jpg'),(60,'2021-04-28 16:32:06','2021-04-28 16:32:06','Cosy 2 bedroom house','Non qui consequatur molestiae ipsum impedit vel ut.','4',1000,'I','3/1.jpg','17/2.jpg','7/3.jpg'),(61,'2021-04-29 07:19:39','2021-04-29 07:19:39','Spcious 4 bedroom house','Alias incidunt omnis tenetur autem est aut.','3',26286.07,'II','18/1.jpg','4/2.jpg','13/3.jpg'),(62,'2021-04-29 07:33:01','2021-04-29 07:33:01','Spcious 2 bedroom house','Rerum repudiandae et dolore adipisci unde.','4',1000,'III','3/1.jpg','18/2.jpg','18/3.jpg'),(63,'2021-04-30 10:23:45','2021-04-30 10:23:45','Spcious 2 bedroom house','Sit ea delectus quos minima distinctio.','3',34855771.765881,'I','13/1.jpg','2/2.jpg','25/3.jpg'),(64,'2021-04-30 10:23:45','2021-04-30 10:23:45','Spcious 3 bedroom house','Id quae ut quo praesentium eum nihil libero numquam.','3',1000,'II','4/1.jpg','8/2.jpg','17/3.jpg'),(65,'2021-04-30 10:23:45','2021-04-30 10:23:45','Cosy 2 bedroom house','Ut molestias rerum rerum atque vitae quam.','1',1000,'III','8/1.jpg','6/2.jpg','8/3.jpg'),(66,'2021-04-30 10:23:46','2021-04-30 10:23:46','Elegant 2 bedroom house','Rerum ut ut maxime ut modi libero labore.','2',1000,'III','24/1.jpg','7/2.jpg','17/3.jpg'),(67,'2021-04-30 10:23:46','2021-04-30 10:23:46','Cosy 4 bedroom house','Debitis deleniti vero consequatur.','4',1000,'I','19/1.jpg','15/2.jpg','10/3.jpg'),(68,'2021-04-30 10:23:46','2021-04-30 10:23:46','Elegant 1 bedroom house','Et quod autem reprehenderit nobis recusandae.','4',1000,'II','23/1.jpg','4/2.jpg','22/3.jpg'),(69,'2021-04-30 10:23:46','2021-04-30 10:23:46','Spcious 2 bedroom house','Ut ex quis est perferendis ea rem exercitationem.','1',6243.7782472365,'I','7/1.jpg','24/2.jpg','2/3.jpg'),(70,'2021-04-30 10:23:46','2021-04-30 10:23:46','Cosy 2 bedroom house','Dolor quibusdam aliquid doloremque in sit autem est.','4',4640.3967936531,'II','14/1.jpg','3/2.jpg','21/3.jpg'),(71,'2021-04-30 10:23:46','2021-04-30 10:23:46','Cosy 1 bedroom house','Ab repellendus natus molestias perspiciatis.','1',1000,'III','26/1.jpg','21/2.jpg','20/3.jpg'),(72,'2021-04-30 10:23:46','2021-04-30 10:23:46','Elegant 3 bedroom house','Sint ea quos dignissimos earum ea voluptate.','3',1000,'I','8/1.jpg','16/2.jpg','12/3.jpg'),(73,'2021-04-30 10:23:46','2021-04-30 10:23:46','Cosy 3 bedroom house','Et commodi et sapiente nihil provident et.','3',1000,'II','13/1.jpg','17/2.jpg','25/3.jpg'),(74,'2021-04-30 10:23:46','2021-04-30 10:23:46','Cosy 4 bedroom house','Vero aut consequatur est excepturi quos.','4',4047950.3411996,'II','15/1.jpg','10/2.jpg','12/3.jpg'),(75,'2021-04-30 10:23:46','2021-04-30 10:23:46','Cosy 4 bedroom house','Numquam voluptatem id aut deleniti temporibus nostrum.','1',1204.3216814494,'I','8/1.jpg','25/2.jpg','8/3.jpg'),(76,'2021-04-30 10:23:46','2021-04-30 10:23:46','Cosy 4 bedroom house','Nihil corporis ut quidem vel voluptatem.','3',67068.903578769,'II','22/1.jpg','16/2.jpg','5/3.jpg'),(77,'2021-04-30 10:23:46','2021-04-30 10:23:46','Spcious 3 bedroom house','Tenetur molestiae soluta dolorem veritatis.','3',1000,'III','6/1.jpg','3/2.jpg','2/3.jpg'),(78,'2021-04-30 10:23:46','2021-04-30 10:23:46','Elegant 2 bedroom house','Sint est ut enim quis eum.','3',635008.2661778,'III','17/1.jpg','21/2.jpg','17/3.jpg'),(79,'2021-04-30 10:23:46','2021-04-30 10:23:46','Cosy 3 bedroom house','Ea voluptatem nihil aut voluptas.','1',1000,'II','14/1.jpg','15/2.jpg','4/3.jpg'),(80,'2021-04-30 10:23:46','2021-04-30 10:23:46','Cosy 3 bedroom house','Porro et et perferendis sed.','3',23526.859988302996,'II','20/1.jpg','13/2.jpg','18/3.jpg'),(81,'2021-04-30 10:23:46','2021-04-30 10:23:46','Spcious 2 bedroom house','Illo fugit non sint maxime consequatur explicabo in.','4',1000,'I','4/1.jpg','18/2.jpg','24/3.jpg'),(82,'2021-04-30 10:23:46','2021-04-30 10:23:46','Elegant 2 bedroom house','Aut et voluptates ipsum odit eaque autem rerum.','3',1000,'II','12/1.jpg','26/2.jpg','17/3.jpg'),(83,'2021-04-30 10:23:46','2021-04-30 10:23:46','Cosy 3 bedroom house','Dolores ut hic velit ipsum.','2',1000,'III','21/1.jpg','21/2.jpg','11/3.jpg'),(84,'2021-04-30 10:23:46','2021-04-30 10:23:46','Elegant 3 bedroom house','Autem adipisci et est autem perferendis molestiae voluptatem.','1',1000,'II','16/1.jpg','4/2.jpg','4/3.jpg'),(85,'2021-04-30 10:23:46','2021-04-30 10:23:46','Elegant 1 bedroom house','Molestiae magni dignissimos maiores eius voluptas.','4',1000,'I','19/1.jpg','7/2.jpg','13/3.jpg'),(86,'2021-04-30 10:23:46','2021-04-30 10:23:46','Cosy 3 bedroom house','Deserunt aut eum assumenda aliquid eius dolorum.','4',34136.947686137,'I','17/1.jpg','24/2.jpg','25/3.jpg'),(87,'2021-04-30 10:23:46','2021-04-30 10:23:46','Elegant 1 bedroom house','Quia dignissimos ut odit unde.','1',1000,'II','3/1.jpg','20/2.jpg','10/3.jpg'),(88,'2021-04-30 10:23:46','2021-04-30 10:23:46','Cosy 1 bedroom house','Non quisquam rem saepe enim voluptate cumque illum rerum.','1',1000,'II','17/1.jpg','26/2.jpg','25/3.jpg'),(89,'2021-04-30 10:23:46','2021-04-30 10:23:46','Spcious 4 bedroom house','Quaerat qui iste ipsa et asperiores.','3',1000,'III','22/1.jpg','18/2.jpg','19/3.jpg'),(90,'2021-04-30 10:23:46','2021-04-30 10:23:46','Spcious 4 bedroom house','Assumenda aut optio quisquam ex ut quisquam.','2',1000,'I','8/1.jpg','13/2.jpg','16/3.jpg'),(91,'2021-04-30 10:23:46','2021-04-30 10:23:46','Cosy 2 bedroom house','Eveniet in voluptatem et aspernatur.','3',1000,'I','23/1.jpg','9/2.jpg','26/3.jpg'),(92,'2021-04-30 10:23:46','2021-04-30 10:23:46','Cosy 4 bedroom house','Est non deleniti modi culpa sit.','4',65506.870817975,'II','13/1.jpg','7/2.jpg','26/3.jpg'),(93,'2021-04-30 10:23:46','2021-04-30 10:23:46','Elegant 3 bedroom house','Sunt amet adipisci optio similique omnis aut ullam.','1',1733102.0348642,'III','23/1.jpg','5/2.jpg','3/3.jpg'),(94,'2021-04-30 10:23:47','2021-04-30 10:23:47','Elegant 3 bedroom house','Modi ducimus praesentium qui voluptas placeat.','1',1000,'II','21/1.jpg','7/2.jpg','13/3.jpg'),(95,'2021-04-30 10:23:47','2021-04-30 10:23:47','Spcious 2 bedroom house','Cumque illum ex qui eos quia in.','2',169360.97516873,'III','10/1.jpg','17/2.jpg','3/3.jpg'),(96,'2021-04-30 10:23:47','2021-04-30 10:23:47','Spcious 4 bedroom house','Accusantium necessitatibus ut quae laudantium voluptatem id rerum.','3',3771.6951347536,'I','14/1.jpg','11/2.jpg','3/3.jpg'),(97,'2021-04-30 10:23:47','2021-04-30 10:23:47','Spcious 3 bedroom house','Repellat provident accusamus doloremque voluptas sapiente quo.','3',642977.38726548,'I','14/1.jpg','5/2.jpg','4/3.jpg'),(98,'2021-04-30 10:23:47','2021-04-30 10:23:47','Elegant 4 bedroom house','Necessitatibus temporibus qui dolor qui aut molestias.','1',1000,'I','3/1.jpg','18/2.jpg','11/3.jpg'),(99,'2021-04-30 10:23:47','2021-04-30 10:23:47','Cosy 3 bedroom house','Velit numquam cumque ut corporis est ex.','3',1000,'I','21/1.jpg','20/2.jpg','17/3.jpg'),(100,'2021-04-30 10:23:47','2021-04-30 10:23:47','Cosy 1 bedroom house','Suscipit tempore molestiae et ad facere dignissimos perferendis.','2',1000,'II','21/1.jpg','20/2.jpg','1/3.jpg'),(101,'2021-04-30 10:23:47','2021-04-30 10:23:47','Cosy 3 bedroom house','Voluptates esse maiores at qui labore mollitia.','3',10041.73539598,'II','13/1.jpg','12/2.jpg','5/3.jpg'),(102,'2021-04-30 10:23:47','2021-04-30 10:23:47','Cosy 1 bedroom house','Illum velit porro dolores harum optio beatae.','2',1000,'II','3/1.jpg','1/2.jpg','23/3.jpg'),(103,'2021-04-30 10:23:47','2021-04-30 10:23:47','Elegant 2 bedroom house','Dignissimos non quam culpa ad illo veritatis.','3',1000,'III','2/1.jpg','19/2.jpg','20/3.jpg'),(104,'2021-04-30 10:23:47','2021-04-30 10:23:47','Elegant 4 bedroom house','Vel ea corporis voluptatibus.','1',1000,'II','25/1.jpg','14/2.jpg','4/3.jpg'),(105,'2021-04-30 10:23:47','2021-04-30 10:23:47','Cosy 1 bedroom house','Sint est magnam nihil.','4',1000,'I','16/1.jpg','12/2.jpg','10/3.jpg'),(106,'2021-04-30 10:23:47','2021-04-30 10:23:47','Spcious 1 bedroom house','Sequi quo qui at rerum ullam quos nesciunt.','2',311496.85384203005,'I','3/1.jpg','16/2.jpg','14/3.jpg'),(107,'2021-04-30 10:23:47','2021-04-30 10:23:47','Elegant 1 bedroom house','Vel hic inventore ipsum consequatur atque.','4',12148.748680364,'I','20/1.jpg','19/2.jpg','12/3.jpg'),(108,'2021-04-30 10:23:47','2021-04-30 10:23:47','Cosy 4 bedroom house','Voluptatibus excepturi rem blanditiis voluptates consequatur blanditiis et.','4',5021.4111314325,'III','14/1.jpg','22/2.jpg','17/3.jpg'),(109,'2021-04-30 10:23:47','2021-04-30 10:23:47','Spcious 3 bedroom house','Ut sit incidunt est dolorum soluta harum quod.','2',1000,'I','6/1.jpg','24/2.jpg','23/3.jpg'),(110,'2021-04-30 10:23:47','2021-04-30 10:23:47','Elegant 3 bedroom house','Impedit vero distinctio ipsum natus.','4',1000,'II','15/1.jpg','2/2.jpg','10/3.jpg'),(111,'2021-04-30 10:23:47','2021-04-30 10:23:47','Cosy 4 bedroom house','Excepturi ut veritatis unde et vero adipisci.','1',1000,'II','5/1.jpg','16/2.jpg','9/3.jpg'),(112,'2021-04-30 10:23:47','2021-04-30 10:23:47','Elegant 4 bedroom house','Vel asperiores aut facere.','2',5815.151512600601,'III','6/1.jpg','23/2.jpg','12/3.jpg'),(113,'2021-04-30 10:23:47','2021-04-30 10:23:47','Elegant 4 bedroom house','Atque in aut excepturi vitae laboriosam dolores.','3',5073.0556338597,'III','15/1.jpg','12/2.jpg','10/3.jpg'),(114,'2021-04-30 10:23:47','2021-04-30 10:23:47','Elegant 3 bedroom house','Voluptas eligendi earum recusandae architecto quis temporibus vel voluptas.','2',1000,'III','3/1.jpg','18/2.jpg','10/3.jpg'),(115,'2021-04-30 10:23:47','2021-04-30 10:23:47','Spcious 4 bedroom house','Voluptas necessitatibus quaerat pariatur molestiae nulla.','1',1000,'II','22/1.jpg','2/2.jpg','20/3.jpg'),(116,'2021-04-30 10:23:47','2021-04-30 10:23:47','Cosy 1 bedroom house','Dolor cum eos ipsa necessitatibus et non cum.','2',1000,'III','23/1.jpg','7/2.jpg','19/3.jpg'),(117,'2021-04-30 10:23:47','2021-04-30 10:23:47','Spcious 1 bedroom house','Voluptatibus rerum dicta ut quae nihil.','1',1000,'II','21/1.jpg','2/2.jpg','9/3.jpg'),(118,'2021-04-30 10:23:47','2021-04-30 10:23:47','Cosy 1 bedroom house','Aspernatur eos ipsam enim dolorem quos quidem voluptatem.','3',1000,'I','10/1.jpg','13/2.jpg','11/3.jpg'),(119,'2021-04-30 10:23:47','2021-04-30 10:23:47','Spcious 1 bedroom house','Et vitae consequatur libero voluptate voluptate recusandae ullam cupiditate.','4',1000,'II','13/1.jpg','8/2.jpg','2/3.jpg'),(120,'2021-04-30 10:23:47','2021-04-30 10:23:47','Spcious 4 bedroom house','Illum debitis optio optio ut aut provident.','2',1000,'II','8/1.jpg','24/2.jpg','2/3.jpg'),(121,'2021-04-30 10:23:48','2021-04-30 10:23:48','Cosy 4 bedroom house','Debitis in molestiae laudantium eum dolorem.','2',1000,'I','3/1.jpg','21/2.jpg','6/3.jpg'),(122,'2021-04-30 10:23:48','2021-04-30 10:23:48','Spcious 1 bedroom house','Aut voluptas corrupti nostrum sit amet.','4',322758.74823974,'I','14/1.jpg','5/2.jpg','21/3.jpg'),(123,'2021-04-30 10:23:48','2021-04-30 10:23:48','Cosy 4 bedroom house','Aperiam eos veniam ea dolorem qui quo.','2',1000,'II','10/1.jpg','13/2.jpg','9/3.jpg'),(124,'2021-04-30 10:23:48','2021-04-30 10:23:48','Elegant 2 bedroom house','Corporis reprehenderit minus quibusdam.','4',5425046.835542801,'III','7/1.jpg','24/2.jpg','10/3.jpg'),(125,'2021-04-30 10:23:48','2021-04-30 10:23:48','Spcious 4 bedroom house','Quisquam neque eligendi rerum dolores ut sit voluptatem.','1',2494.7484093884,'III','3/1.jpg','3/2.jpg','19/3.jpg'),(126,'2021-04-30 10:23:48','2021-04-30 10:23:48','Elegant 3 bedroom house','Consectetur nihil sed ut adipisci et nostrum.','1',1000,'II','22/1.jpg','19/2.jpg','16/3.jpg'),(127,'2021-04-30 10:23:48','2021-04-30 10:23:48','Cosy 4 bedroom house','Fugiat veniam et id.','4',1756766.1353896998,'II','21/1.jpg','8/2.jpg','20/3.jpg'),(128,'2021-04-30 10:23:48','2021-04-30 10:23:48','Spcious 2 bedroom house','Non nemo eum eaque voluptas voluptate voluptatem.','2',1000,'I','13/1.jpg','9/2.jpg','26/3.jpg'),(129,'2021-04-30 10:23:48','2021-04-30 10:23:48','Spcious 1 bedroom house','Cum est fugit omnis.','3',1000,'II','25/1.jpg','18/2.jpg','20/3.jpg'),(130,'2021-04-30 10:23:48','2021-04-30 10:23:48','Elegant 1 bedroom house','Animi voluptates porro molestiae maiores omnis qui ipsam.','1',7606415.2949158,'III','10/1.jpg','13/2.jpg','18/3.jpg'),(131,'2021-04-30 10:23:48','2021-04-30 10:23:48','Spcious 4 bedroom house','Autem id voluptates consequuntur voluptate.','1',29458.605158063,'I','1/1.jpg','11/2.jpg','5/3.jpg'),(132,'2021-04-30 10:23:48','2021-04-30 10:23:48','Cosy 2 bedroom house','Id quos consequuntur unde officia iure voluptate.','1',1000,'III','26/1.jpg','17/2.jpg','21/3.jpg'),(133,'2021-04-30 10:23:48','2021-04-30 10:23:48','Cosy 3 bedroom house','Aliquam at occaecati ea mollitia inventore.','4',702307.68448078,'III','22/1.jpg','23/2.jpg','11/3.jpg'),(134,'2021-04-30 10:23:49','2021-04-30 10:23:49','Spcious 1 bedroom house','Odit corporis laudantium voluptatum numquam ut itaque vero.','1',546529.2734579,'III','6/1.jpg','13/2.jpg','20/3.jpg'),(135,'2021-04-30 10:23:49','2021-04-30 10:23:49','Cosy 3 bedroom house','Itaque quia voluptatem fuga praesentium nostrum deleniti natus tenetur.','1',1000,'I','15/1.jpg','22/2.jpg','15/3.jpg'),(136,'2021-04-30 10:23:49','2021-04-30 10:23:49','Spcious 4 bedroom house','Dolorem saepe et voluptas optio.','1',1135.5860843459,'I','5/1.jpg','19/2.jpg','13/3.jpg'),(137,'2021-04-30 10:23:49','2021-04-30 10:23:49','Spcious 3 bedroom house','Rem suscipit accusantium dolorem rem.','2',1000,'II','3/1.jpg','26/2.jpg','20/3.jpg'),(138,'2021-04-30 10:23:49','2021-04-30 10:23:49','Elegant 2 bedroom house','Voluptatum vitae aspernatur rerum perferendis numquam a.','4',1000,'III','2/1.jpg','23/2.jpg','6/3.jpg'),(139,'2021-04-30 10:23:49','2021-04-30 10:23:49','Cosy 2 bedroom house','Enim nam consequuntur molestiae.','1',1000,'III','25/1.jpg','8/2.jpg','25/3.jpg'),(140,'2021-04-30 10:23:49','2021-04-30 10:23:49','Spcious 4 bedroom house','Aperiam iusto ipsam natus aut doloremque qui quis.','3',6474.547393731699,'III','16/1.jpg','25/2.jpg','26/3.jpg'),(141,'2021-04-30 10:23:49','2021-04-30 10:23:49','Spcious 1 bedroom house','Labore molestiae enim odio est ut quae et.','2',1000,'I','4/1.jpg','24/2.jpg','3/3.jpg'),(142,'2021-04-30 10:23:49','2021-04-30 10:23:49','Elegant 3 bedroom house','Odit quo quod nihil excepturi sit dolor aut.','1',2093463.6861447,'I','24/1.jpg','15/2.jpg','16/3.jpg'),(143,'2021-04-30 10:23:49','2021-04-30 10:23:49','Elegant 2 bedroom house','Corrupti minus explicabo quam commodi.','1',1000,'III','3/1.jpg','2/2.jpg','17/3.jpg'),(144,'2021-04-30 10:23:49','2021-04-30 10:23:49','Elegant 4 bedroom house','Illo nisi itaque et fuga deserunt numquam.','4',1000,'III','22/1.jpg','19/2.jpg','12/3.jpg'),(145,'2021-04-30 10:23:49','2021-04-30 10:23:49','Elegant 4 bedroom house','Aliquam omnis facilis excepturi ducimus voluptates magni.','4',2019239.6985910002,'III','23/1.jpg','9/2.jpg','7/3.jpg'),(146,'2021-04-30 10:23:49','2021-04-30 10:23:49','Cosy 1 bedroom house','Tempore assumenda ex sapiente dolore incidunt ducimus ut.','1',1000,'I','22/1.jpg','16/2.jpg','24/3.jpg'),(147,'2021-04-30 10:23:49','2021-04-30 10:23:49','Cosy 2 bedroom house','Omnis molestiae dolores eos ut fuga.','2',1000,'III','16/1.jpg','23/2.jpg','22/3.jpg'),(148,'2021-04-30 10:23:49','2021-04-30 10:23:49','Elegant 4 bedroom house','Quasi quis quis ut cumque ipsam et.','1',1000,'I','11/1.jpg','16/2.jpg','12/3.jpg'),(149,'2021-04-30 10:23:49','2021-04-30 10:23:49','Spcious 2 bedroom house','Eligendi assumenda vel corrupti saepe.','2',324990.2661472,'I','8/1.jpg','10/2.jpg','17/3.jpg'),(150,'2021-04-30 10:23:49','2021-04-30 10:23:49','Spcious 2 bedroom house','Id consectetur qui non et iure et voluptates.','2',1000,'I','7/1.jpg','26/2.jpg','23/3.jpg'),(151,'2021-04-30 10:23:49','2021-04-30 10:23:49','Cosy 4 bedroom house','Eligendi commodi sit ut facere deleniti.','2',1000,'II','11/1.jpg','21/2.jpg','14/3.jpg'),(152,'2021-04-30 10:23:49','2021-04-30 10:23:49','Elegant 2 bedroom house','Neque eum est laboriosam possimus tenetur ut laboriosam.','1',1000,'II','5/1.jpg','4/2.jpg','26/3.jpg'),(153,'2021-04-30 10:23:49','2021-04-30 10:23:49','Elegant 3 bedroom house','Sapiente consequuntur voluptatem iste distinctio perspiciatis.','4',1351440.3459953999,'III','17/1.jpg','5/2.jpg','8/3.jpg'),(154,'2021-04-30 10:23:49','2021-04-30 10:23:49','Spcious 1 bedroom house','Dolorem doloremque necessitatibus commodi sit nihil doloribus voluptas.','1',1000,'III','17/1.jpg','16/2.jpg','13/3.jpg'),(155,'2021-04-30 10:23:49','2021-04-30 10:23:49','Elegant 4 bedroom house','Cupiditate inventore delectus repudiandae modi.','3',1000,'III','10/1.jpg','10/2.jpg','14/3.jpg'),(156,'2021-04-30 10:23:49','2021-04-30 10:23:49','Cosy 2 bedroom house','Vero deleniti numquam rerum enim et ad.','3',1000,'I','25/1.jpg','4/2.jpg','4/3.jpg'),(157,'2021-04-30 10:23:49','2021-04-30 10:23:49','Spcious 1 bedroom house','Voluptatem aliquam veritatis necessitatibus.','1',1000,'I','16/1.jpg','13/2.jpg','4/3.jpg'),(158,'2021-04-30 10:23:50','2021-04-30 10:23:50','Spcious 2 bedroom house','Officia et eum corrupti numquam provident ut quia.','1',225532.39745818998,'III','5/1.jpg','3/2.jpg','7/3.jpg'),(159,'2021-04-30 10:23:50','2021-04-30 10:23:50','Spcious 2 bedroom house','Eos corrupti ex voluptatem consectetur ea eaque aut.','1',1000,'III','2/1.jpg','1/2.jpg','25/3.jpg'),(160,'2021-04-30 10:23:50','2021-04-30 10:23:50','Cosy 4 bedroom house','Sit similique id dicta quis facilis quos nemo.','3',526666.5387558601,'III','19/1.jpg','21/2.jpg','25/3.jpg'),(161,'2021-04-30 10:23:50','2021-04-30 10:23:50','Elegant 1 bedroom house','Deleniti suscipit ut magnam ab veritatis omnis.','1',19038.173079977998,'II','11/1.jpg','22/2.jpg','22/3.jpg'),(162,'2021-04-30 10:23:50','2021-04-30 10:23:50','Spcious 2 bedroom house','Esse qui deleniti repudiandae perferendis quaerat ducimus.','3',1886.4376492834,'III','26/1.jpg','22/2.jpg','10/3.jpg');
/*!40000 ALTER TABLE `houses` ENABLE KEYS */;
UNLOCK TABLES;

--
-- Table structure for table `messages`
--

DROP TABLE IF EXISTS `messages`;
/*!40101 SET @saved_cs_client     = @@character_set_client */;
/*!40101 SET character_set_client = utf8 */;
CREATE TABLE `messages` (
  `id` bigint(20) unsigned NOT NULL AUTO_INCREMENT,
  `created_at` timestamp NULL DEFAULT NULL,
  `updated_at` timestamp NULL DEFAULT NULL,
  `text` varchar(5000) COLLATE utf8mb4_unicode_ci NOT NULL,
  PRIMARY KEY (`id`)
) ENGINE=InnoDB AUTO_INCREMENT=50 DEFAULT CHARSET=utf8mb4 COLLATE=utf8mb4_unicode_ci;
/*!40101 SET character_set_client = @saved_cs_client */;

--
-- Dumping data for table `messages`
--

LOCK TABLES `messages` WRITE;
/*!40000 ALTER TABLE `messages` DISABLE KEYS */;
INSERT INTO `messages` VALUES (1,'2021-05-02 10:20:20','2021-05-02 10:20:20','Culpa cum sed modi sunt repellat animi magni. Eius non quia consequatur laboriosam natus id. Ea aut est rerum.'),(2,'2021-05-02 10:20:20','2021-05-02 10:20:20','Occaecati provident tempore quis maxime. Omnis non commodi quia aspernatur illum aperiam aut. Est dolores accusantium dolor rem. Dolorum eaque occaecati omnis libero qui quae.'),(3,'2021-05-02 10:20:20','2021-05-02 10:20:20','Dicta qui assumenda et inventore voluptatem. Aut dolore nobis aut velit et dolorem. Nesciunt temporibus et tempora fugit.'),(4,'2021-05-02 10:20:20','2021-05-02 10:20:20','Ut laboriosam incidunt vel maiores itaque. Quis eligendi aut sit pariatur doloribus fuga. Atque recusandae harum qui nisi. Molestiae voluptates ut molestiae quae adipisci iure repellendus.'),(5,'2021-05-02 10:20:20','2021-05-02 10:20:20','Ea fugiat accusamus nobis provident ipsa. Qui non dicta consectetur laboriosam sed rerum quod. Sit laborum iste at. Eaque omnis enim labore velit recusandae natus quae.'),(6,'2021-05-02 10:20:20','2021-05-02 10:20:20','Odit ex nihil cupiditate corrupti hic placeat recusandae. Minima laborum minima a. Ut eius aut sequi qui voluptas aut similique. Itaque optio non sequi dolorem labore. Error minima dolorem sed vel hic est dicta.'),(7,'2021-05-02 10:20:20','2021-05-02 10:20:20','Amet ex ab fugiat voluptatem aperiam qui illum suscipit. Aliquam sint numquam ullam mollitia alias excepturi ut. Ipsa accusamus veniam qui sed ad. Ex qui dolor quia unde.'),(8,'2021-05-02 10:20:20','2021-05-02 10:20:20','Vero sunt dolorem et dicta assumenda rerum fuga. Magnam assumenda quasi sed iste. Illum quo quas dolores culpa.'),(9,'2021-05-02 10:20:20','2021-05-02 10:20:20','Quia iure soluta nemo ea corporis quo tempora dolor. Beatae nam repellendus animi dolorum rerum autem et. Ratione et minus et facilis veritatis ex. Sed velit quidem et eum sint.'),(10,'2021-05-02 10:20:20','2021-05-02 10:20:20','Harum laborum qui autem autem consequatur a. Nemo est quia et possimus qui sequi aliquid. Nisi voluptatem velit provident et. Et voluptate temporibus iste molestias dignissimos nesciunt. Aut neque exercitationem non qui non ad.'),(11,'2021-05-02 10:20:20','2021-05-02 10:20:20','Voluptatibus velit maxime et et impedit laboriosam. Deleniti eum omnis suscipit accusamus. A aspernatur quia aut numquam fugiat consequatur omnis. Et eos dolorum reprehenderit consectetur.'),(12,'2021-05-02 10:20:20','2021-05-02 10:20:20','Vitae magnam qui reprehenderit consequatur. Reiciendis nostrum adipisci atque sint similique quo dicta. Adipisci est illo eius nulla.'),(13,'2021-05-02 10:20:20','2021-05-02 10:20:20','Illo explicabo dolorem qui velit. Asperiores et vero rerum dolor similique debitis debitis.'),(14,'2021-05-02 10:20:21','2021-05-02 10:20:21','Voluptatibus eligendi tenetur sit pariatur. Quia beatae aliquid id hic consequatur ut distinctio.'),(15,'2021-05-02 10:20:21','2021-05-02 10:20:21','Doloribus nostrum molestias qui provident quas laborum quae. Ex est rerum esse et neque. Vel culpa debitis ea illum qui aliquam repellendus.'),(16,'2021-05-02 10:20:21','2021-05-02 10:20:21','Tenetur vero ipsum aperiam aperiam. Et sed qui doloremque. Facilis rerum sunt at magni corporis reiciendis velit. Recusandae voluptatem adipisci placeat facilis atque. Inventore et et labore minus ut quia.'),(17,'2021-05-02 10:20:21','2021-05-02 10:20:21','Optio perferendis voluptatibus ea dignissimos nostrum nulla. Sit nihil sed consequatur architecto. Tempora distinctio unde cumque est placeat suscipit labore.'),(18,'2021-05-02 10:20:21','2021-05-02 10:20:21','Possimus consequatur similique consequatur vero quidem sit eveniet dolor. Non sint velit ipsam. Repudiandae tempore asperiores eligendi porro a dolorem perferendis accusamus. Aut delectus repellendus consectetur pariatur.'),(19,'2021-05-02 10:20:21','2021-05-02 10:20:21','Blanditiis modi non aut iste enim. Earum pariatur tempore maxime animi autem sapiente. Nihil ullam suscipit voluptatibus adipisci at repellendus consequatur.'),(20,'2021-05-02 10:26:18','2021-05-02 10:26:18','A adipisci error libero ex qui. Maxime eveniet dignissimos molestiae facere perspiciatis ratione temporibus. Deserunt quia quis eos maiores non ut distinctio. Quam quos eaque aut ut necessitatibus maxime. Illum sed a optio soluta porro consequatur doloribus. Et nam accusamus voluptatibus dignissimos ratione culpa. Qui deleniti molestiae nisi et iure. Hic ab facere harum ut nisi et. Eos quos ut qui.'),(21,'2021-05-02 10:26:18','2021-05-02 10:26:18','Accusamus voluptas vel eos et. Iure vero rerum eius laboriosam. Veniam ut rerum iusto aliquam dolor hic pariatur. Eos fugit error temporibus. Voluptatibus recusandae aut ut omnis dicta magni. Explicabo nihil officia et reprehenderit. Dolor qui quas aliquam incidunt molestias commodi. Et alias sunt porro.'),(22,'2021-05-02 10:26:18','2021-05-02 10:26:18','Nihil sed neque sed placeat quae. Maiores omnis eveniet voluptas qui suscipit. Et rem optio est. Provident vero sapiente possimus eius. Delectus quia nemo cum repellat. Esse dignissimos eaque animi quo. Dolores qui velit ratione eveniet unde. Qui vitae rerum vel rerum quaerat magni. Sit est unde reiciendis. Architecto beatae repellat delectus enim veniam aut. Saepe corporis commodi aut quia. Optio explicabo voluptas culpa deserunt ut. Dolor ratione illum quia repellendus eos.'),(23,'2021-05-02 10:26:18','2021-05-02 10:26:18','Qui quod eos reiciendis iste. Dolor ipsum nesciunt repudiandae a vero ullam dolores ex. Nihil eveniet soluta quidem. Dolor et temporibus exercitationem enim. Non ea velit eligendi incidunt at consequatur delectus consequatur. Corrupti nihil ab nemo quasi velit est quo. Praesentium aut quisquam nobis.'),(24,'2021-05-02 10:26:18','2021-05-02 10:26:18','Deserunt numquam magnam voluptate optio officiis. Reiciendis facere illum cupiditate qui. Porro aliquid nostrum voluptatem non eveniet veritatis omnis. Id sint sit doloremque dolore. Est debitis tenetur accusamus. Possimus laborum qui rem aperiam blanditiis consequatur. Et rerum sunt a aliquid quibusdam velit quia. Beatae vel laboriosam eligendi tempora quasi et commodi. Perferendis sed sint dolor perferendis.'),(25,'2021-05-02 10:26:18','2021-05-02 10:26:18','Voluptas qui alias rerum. Similique inventore molestias harum possimus temporibus dolor. Voluptatem enim in animi voluptate. Ut illo molestias repellat. Ut aperiam consequuntur dolores nesciunt. Aut aliquam occaecati a maiores adipisci dolorem. Vel quisquam maxime sint. Et et saepe labore delectus voluptatibus. Dolor veritatis voluptatem dolorum. Natus sunt consequatur aperiam nihil. Voluptatem repudiandae ipsa facilis ex amet aspernatur. Minus ea est beatae accusamus. Repellat aspernatur et iure quod autem. Velit voluptas qui est. Recusandae in illum non molestiae.'),(26,'2021-05-02 10:26:18','2021-05-02 10:26:18','Harum dolorem iure ratione esse et culpa. Eum reprehenderit et aut sit explicabo aperiam. Ullam id a et atque. Blanditiis ab veniam autem. Voluptates quo illo sint et. Qui eum possimus dolorem numquam. Doloribus magnam et a ullam consectetur dolorem aut. Ea et molestiae ipsum qui. Ut quas voluptatem aliquam numquam ut.'),(27,'2021-05-02 10:26:19','2021-05-02 10:26:19','Quia debitis et suscipit consequatur recusandae. Itaque consequatur ut qui quia fugiat. Quaerat ex blanditiis quis velit iure. Omnis maiores enim fugit autem id. Officia nisi possimus expedita aut eum. Ut dolore est qui vero rerum modi quo. Sapiente provident et sint minus enim. Qui dignissimos voluptatem numquam sunt quis.'),(28,'2021-05-02 10:26:19','2021-05-02 10:26:19','Dolorum earum dolore doloremque. Voluptates nihil et ad fuga fugiat dolores. Dolorem in occaecati officia mollitia eos occaecati nulla incidunt. Mollitia incidunt explicabo quis laborum dolorem. Reprehenderit et quo sint asperiores molestiae id vel. Quis impedit ratione nam architecto aliquam nostrum suscipit. Sequi doloribus quam omnis quis. Qui excepturi commodi a voluptatem eius accusamus consequatur. Nobis ratione a modi repudiandae. Mollitia error dolorum et quia dolorum. Quisquam sed suscipit reprehenderit facilis aliquid corporis. Sit iste ea perferendis fugiat. Quia ut inventore sed enim.'),(29,'2021-05-02 10:26:19','2021-05-02 10:26:19','Magni quam doloremque corrupti quibusdam labore ducimus. Voluptate suscipit temporibus qui quis. Sed accusantium qui debitis tenetur explicabo. Molestias quas quidem amet non. Itaque consequatur nostrum culpa incidunt et optio. Sint quod voluptatem excepturi explicabo sint. Aperiam rerum recusandae quam doloremque nostrum et. Laborum neque est voluptate laudantium excepturi soluta impedit laudantium. Omnis modi alias ea neque. Sapiente officiis nisi rerum aliquid.'),(30,'2021-05-02 10:26:19','2021-05-02 10:26:19','Molestiae quae mollitia aperiam repudiandae iure sunt. Rem id sit aliquam est in quia. Et quibusdam fuga cumque qui. Sit alias amet minima ut fugiat eius aut. Sit consequuntur molestias et assumenda. Beatae et sapiente velit praesentium perferendis aliquid voluptate. Vero non ut consequuntur ut dignissimos. Sed rerum sit voluptatibus molestias non. Mollitia rem sint molestiae sed eos.'),(31,'2021-05-02 10:26:19','2021-05-02 10:26:19','Et molestiae vel maiores. Quo optio enim et ipsa maxime natus eum. Enim necessitatibus est eum vel tenetur. Occaecati aut ut vel voluptas repudiandae. Vitae voluptatem quia sit mollitia sint molestias. Consequuntur corporis omnis incidunt sint quis accusantium. Molestiae eveniet dolore velit cupiditate aut quod. Impedit molestiae perferendis vero et. Voluptatum a fugiat non quae vitae veritatis dolorem.'),(32,'2021-05-02 10:26:19','2021-05-02 10:26:19','Enim distinctio consequatur adipisci qui voluptatum. Unde odio architecto at dolore nam et velit. Voluptates eum odit id ab. Dolore atque provident est recusandae in et quo. Provident ut nostrum inventore voluptas necessitatibus eum enim. Sed optio debitis ducimus numquam. Eligendi animi dolorem vel cumque eum ut vel consequuntur. Quis dolore vero nam odit dolor aut. Accusantium enim cum similique. Consequuntur sed labore dolores et ut est eaque et. Consequatur alias sapiente saepe ut doloremque. Ullam sunt quidem aut.'),(33,'2021-05-02 10:26:19','2021-05-02 10:26:19','Saepe et quaerat suscipit quis. Excepturi illo alias soluta totam vero qui qui animi. Architecto veritatis voluptas eius ut. Quia necessitatibus ut consequatur vitae placeat. Molestiae architecto possimus optio quas voluptatem aspernatur ullam enim. Quibusdam sit magni error molestiae occaecati qui mollitia. Ipsum ut et sint praesentium cum. Et quas recusandae quo odio possimus. Quos numquam aut ab exercitationem veniam sed. Ut consequuntur laboriosam optio qui officia. Dolor et quas quia quos. Praesentium a unde ut modi consequatur id. Dolorem accusamus voluptas delectus ea iusto.'),(34,'2021-05-02 10:26:19','2021-05-02 10:26:19','Ut expedita aut eum. Enim eius recusandae illo sint et. Ratione doloribus sint accusantium doloremque rem eum quod. Harum odit fuga nobis accusantium assumenda non. Aut aut rem incidunt recusandae maxime quam. Voluptatum explicabo expedita soluta consectetur. Explicabo velit non in consequatur id. Rerum exercitationem quia aut. Sint non culpa laudantium qui. Qui ea tempore repellendus. Atque accusantium aut animi eveniet. Iure et ullam cum quibusdam aut recusandae eos sed. Nostrum deserunt enim numquam eveniet. Et cupiditate rerum quisquam rem itaque.'),(35,'2021-05-02 10:26:19','2021-05-02 10:26:19','Ut eaque architecto corrupti mollitia at cum rerum earum. Exercitationem et maxime iste eligendi veritatis consequatur. Eum dolorem nihil aut est et placeat culpa. Facilis veniam aut tempore labore deserunt. Qui cum nam molestiae ratione. Possimus enim illum sed facilis. Ex excepturi eaque est blanditiis dicta. Inventore pariatur minus delectus natus ea. Esse quia eos perferendis. Non repellat itaque velit nisi voluptatem. Illo et quaerat numquam. Cumque nisi explicabo in minima. Labore molestiae nesciunt est illo blanditiis quasi. Quia omnis voluptatibus officia molestiae omnis.'),(36,'2021-05-02 10:26:19','2021-05-02 10:26:19','Id saepe ratione rerum. Distinctio dicta corrupti voluptatem qui cum dolorem. Ea dolor eos sed. Necessitatibus eum qui similique sapiente voluptatum. Quasi rerum in dolor occaecati cupiditate sint aut. Quidem dolores ipsam officiis voluptatum et id. Qui dolores ab tenetur qui et nobis cumque. Officia atque impedit architecto qui reprehenderit illum. Et qui harum nihil enim. Dolorem explicabo voluptas earum et vel eum ea. Ratione quis consequatur labore nobis laudantium maxime ad labore. Sit laboriosam laboriosam sed eos tenetur et iusto.'),(37,'2021-05-02 10:26:19','2021-05-02 10:26:19','Quidem quia aut quia molestias. Aliquam labore qui minima temporibus. Dolores vel quia corrupti officia error omnis ullam. Consequuntur qui molestiae soluta. Qui ut eos id. Laborum voluptatem voluptate consequatur cumque id. Sequi dolorum voluptas mollitia magni dolorem quia et. Et eius cumque debitis sint ut voluptatibus. Laborum eum reprehenderit libero quia. Magnam qui aut fuga unde quia incidunt. Neque aspernatur ut tempora sit.'),(38,'2021-05-02 10:26:19','2021-05-02 10:26:19','Consectetur veniam quis consequatur possimus asperiores. Voluptas et repudiandae reprehenderit provident velit iusto eos. Sed maxime ad error et dolores aliquam aperiam. Itaque explicabo expedita libero qui asperiores dolor. Voluptas ipsa placeat et animi in quia. Et magnam fugiat repellat esse odit laboriosam sunt. Voluptas ut totam delectus accusantium. Nemo ut eos eaque doloremque qui consequatur et optio. Qui porro non voluptas cum quia eaque deserunt. Provident consequuntur nihil dolor. Incidunt voluptatem autem at suscipit. Vero dolorum neque corrupti incidunt. Et quis tempora dolorum sequi sed porro esse minus.'),(39,'2021-05-02 10:26:19','2021-05-02 10:26:19','Ut dolorem rerum aut consequuntur. Aut doloremque aut aliquam tenetur nemo perferendis et magnam. Occaecati fuga dolores quia quod. Corrupti consequuntur voluptas non. Deleniti alias accusamus sunt at enim cupiditate qui. Temporibus autem recusandae aspernatur. Molestiae et aperiam eum necessitatibus doloremque. Voluptates enim eligendi dolor aut dolor accusantium. Fugit harum optio in aut sequi.'),(40,'2021-05-02 12:06:41','2021-05-02 12:06:41','We will have a meeting tomorrow'),(41,'2021-05-02 12:10:42','2021-05-02 12:10:42','Another meeting'),(42,'2021-05-02 12:16:06','2021-05-02 12:16:06','Yet another meeting'),(43,'2021-05-02 12:18:57','2021-05-02 12:18:57','Yet another meeting and another one'),(44,'2021-05-02 12:20:38','2021-05-02 12:20:38','Another oooone'),(45,'2021-05-02 12:20:44','2021-05-02 12:20:44','Another ooooneeee'),(46,'2021-05-02 21:14:50','2021-05-02 21:14:50','sjdhfhjusuiokxshfd'),(47,'2021-05-02 21:17:41','2021-05-02 21:17:41','sjdhfhjusuiokxshfd'),(48,'2021-05-02 21:23:06','2021-05-02 21:23:06','sjdhfhjusuiokxshfd'),(49,'2021-05-02 21:23:53','2021-05-02 21:23:53','Test Gmail');
/*!40000 ALTER TABLE `messages` ENABLE KEYS */;
UNLOCK TABLES;

--
-- Table structure for table `migrations`
--

DROP TABLE IF EXISTS `migrations`;
/*!40101 SET @saved_cs_client     = @@character_set_client */;
/*!40101 SET character_set_client = utf8 */;
CREATE TABLE `migrations` (
  `id` int(10) unsigned NOT NULL AUTO_INCREMENT,
  `migration` varchar(255) COLLATE utf8mb4_unicode_ci NOT NULL,
  `batch` int(11) NOT NULL,
  PRIMARY KEY (`id`)
) ENGINE=InnoDB AUTO_INCREMENT=11 DEFAULT CHARSET=utf8mb4 COLLATE=utf8mb4_unicode_ci;
/*!40101 SET character_set_client = @saved_cs_client */;

--
-- Dumping data for table `migrations`
--

LOCK TABLES `migrations` WRITE;
/*!40000 ALTER TABLE `migrations` DISABLE KEYS */;
INSERT INTO `migrations` VALUES (1,'2019_08_19_000000_create_failed_jobs_table',1),(2,'2020_04_01_191052_create_tenants_table',1),(3,'2021_04_01_191053_create_houses_table',2),(4,'2020_04_01_191158_create_tenancies_table',3),(5,'2020_04_01_191209_create_bookings_table',3),(9,'2021_05_02_125124_create_messages_table',5),(10,'2020_04_01_191222_create_payments_table',6);
/*!40000 ALTER TABLE `migrations` ENABLE KEYS */;
UNLOCK TABLES;

--
-- Table structure for table `payments`
--

DROP TABLE IF EXISTS `payments`;
/*!40101 SET @saved_cs_client     = @@character_set_client */;
/*!40101 SET character_set_client = utf8 */;
CREATE TABLE `payments` (
  `id` bigint(20) unsigned NOT NULL AUTO_INCREMENT,
  `created_at` timestamp NULL DEFAULT NULL,
  `updated_at` timestamp NULL DEFAULT NULL,
  `date` timestamp NOT NULL DEFAULT '2021-03-17 19:20:59',
  `for_month` timestamp NOT NULL DEFAULT '2021-03-17 19:20:59',
  `amount` double NOT NULL,
  `purpose` varchar(255) COLLATE utf8mb4_unicode_ci NOT NULL,
  `tenancy_id` bigint(20) unsigned DEFAULT NULL,
  `booking_id` bigint(20) unsigned DEFAULT NULL,
  `tenant_id` bigint(20) unsigned NOT NULL,
  PRIMARY KEY (`id`),
  KEY `payments_tenant_id_foreign` (`tenant_id`),
  KEY `payments_booking_id_foreign` (`booking_id`),
  KEY `payments_tenancy_id_foreign` (`tenancy_id`),
  CONSTRAINT `payments_booking_id_foreign` FOREIGN KEY (`booking_id`) REFERENCES `bookings` (`id`) ON DELETE CASCADE,
  CONSTRAINT `payments_tenancy_id_foreign` FOREIGN KEY (`tenancy_id`) REFERENCES `tenancies` (`id`) ON DELETE CASCADE,
  CONSTRAINT `payments_tenant_id_foreign` FOREIGN KEY (`tenant_id`) REFERENCES `tenants` (`id`) ON DELETE CASCADE
) ENGINE=InnoDB AUTO_INCREMENT=202 DEFAULT CHARSET=utf8mb4 COLLATE=utf8mb4_unicode_ci;
/*!40101 SET character_set_client = @saved_cs_client */;

--
-- Dumping data for table `payments`
--

LOCK TABLES `payments` WRITE;
/*!40000 ALTER TABLE `payments` DISABLE KEYS */;
INSERT INTO `payments` VALUES (1,'2021-03-17 19:21:58','2021-03-17 19:21:58','1983-12-30 19:07:58','2017-11-08 19:41:40',11107.32,'contribution',4,4,13),(2,'2021-03-17 19:21:58','2021-03-17 19:21:58','1989-03-05 02:15:26','1998-09-04 15:45:45',1000,'booking',10,3,18),(3,'2021-03-17 19:21:58','2021-03-17 19:21:58','1997-05-23 15:04:02','2013-06-06 22:14:37',1359450.79,'rent',10,3,18),(4,'2021-03-17 19:21:58','2021-03-17 19:21:58','1994-04-19 07:57:34','2017-03-11 15:09:14',1066556.93,'booking',5,6,17),(5,'2021-03-17 19:21:58','2021-03-17 19:21:58','1981-10-03 16:11:49','1987-05-27 05:30:20',1000,'booking',11,7,18),(6,'2021-03-17 19:21:59','2021-03-17 19:21:59','1975-03-17 12:15:05','2010-11-03 09:57:46',22334.36,'contribution',8,6,19),(7,'2021-03-17 19:21:59','2021-03-17 19:21:59','2010-08-16 22:51:31','2020-09-15 19:36:43',2220986.54,'booking',7,9,19),(8,'2021-03-17 19:21:59','2021-03-17 19:21:59','1989-09-06 14:32:20','2011-08-05 16:48:38',487675312.19,'contribution',4,8,17),(9,'2021-03-17 19:21:59','2021-03-17 19:21:59','1977-12-25 17:37:57','2018-02-22 21:33:40',6506.45,'rent',8,5,15),(10,'2021-03-17 19:21:59','2021-03-17 19:21:59','2015-01-29 14:09:41','2021-04-30 20:12:14',1000,'rent',11,11,14),(11,'2021-03-17 19:21:59','2021-03-17 19:21:59','2008-02-21 09:46:51','2016-08-20 16:55:22',1000,'booking',8,9,18),(12,'2021-03-17 19:21:59','2021-03-17 19:21:59','1987-05-11 16:34:36','2008-02-19 19:30:58',3345430.25,'contribution',6,8,16),(13,'2021-03-17 19:21:59','2021-03-17 19:21:59','1992-03-16 10:19:44','2003-02-15 04:34:31',8721506.56,'booking',12,11,18),(14,'2021-03-17 19:21:59','2021-03-17 19:21:59','1975-10-28 15:36:51','1996-02-23 13:42:28',1000,'contribution',9,6,14),(15,'2021-03-17 19:21:59','2021-03-17 19:21:59','1986-02-04 08:02:54','1991-01-26 10:14:08',1000,'contribution',11,5,14),(16,'2021-03-17 19:21:59','2021-03-17 19:21:59','1993-03-07 02:08:26','1998-01-30 17:32:31',1000,'booking',8,7,19),(17,'2021-03-17 19:21:59','2021-03-17 19:21:59','1997-06-10 08:36:48','2018-08-19 05:35:15',1000,'rent',13,3,20),(18,'2021-03-17 19:21:59','2021-03-17 19:21:59','1970-12-27 22:09:46','1995-10-14 19:58:30',149754.41,'contribution',5,1,17),(19,'2021-03-17 19:21:59','2021-03-17 19:21:59','1989-10-08 20:00:46','1994-09-09 02:07:14',10440205.36,'rent',10,2,11),(20,'2021-03-17 19:21:59','2021-03-17 19:21:59','2016-12-19 07:57:48','2019-12-28 13:44:42',207692.24,'booking',6,2,16),(21,'2021-03-17 19:21:59','2021-03-17 19:21:59','1988-02-09 17:15:17','1998-09-15 21:31:53',1145.42,'contribution',11,3,18),(22,'2021-03-17 19:21:59','2021-03-17 19:21:59','2013-10-29 06:51:51','2018-04-27 20:16:38',1599.07,'rent',7,1,18),(23,'2021-03-17 19:21:59','2021-03-17 19:21:59','2008-05-09 08:29:11','2010-07-15 07:25:15',59731.09,'contribution',5,7,16),(24,'2021-03-17 19:21:59','2021-03-17 19:21:59','2006-08-04 07:39:24','2010-01-28 04:46:40',363633.85,'rent',11,8,12),(25,'2021-03-17 19:21:59','2021-03-17 19:21:59','1999-12-02 22:03:08','2008-10-06 01:10:51',23876.13,'rent',13,9,20),(26,'2021-03-17 19:22:00','2021-03-17 19:22:00','1971-09-09 11:53:07','1984-06-02 23:20:57',388611.92,'contribution',11,2,11),(27,'2021-03-17 19:22:00','2021-03-17 19:22:00','2013-06-12 01:42:00','2017-11-02 00:57:54',63909369.21,'rent',5,10,20),(28,'2021-03-17 19:22:00','2021-03-17 19:22:00','2009-01-26 09:29:45','2010-04-17 11:24:42',1000,'booking',11,7,20),(29,'2021-03-17 19:22:00','2021-03-17 19:22:00','2017-09-08 16:26:13','2018-04-30 02:21:25',1000,'rent',13,6,13),(30,'2021-03-17 19:22:00','2021-03-17 19:22:00','2018-03-11 05:56:49','2020-12-27 08:59:18',56128959.83,'rent',13,10,19),(31,'2021-03-17 19:22:00','2021-03-17 19:22:00','1975-02-16 09:53:09','2004-06-28 09:12:01',1948.01,'rent',4,5,15),(32,'2021-03-17 19:22:00','2021-03-17 19:22:00','1979-07-12 22:26:20','1990-04-06 00:45:37',11521770.58,'booking',10,5,15),(33,'2021-03-17 19:22:00','2021-03-17 19:22:00','2009-08-30 11:45:32','2015-11-23 02:00:42',815820.69,'rent',7,6,16),(34,'2021-03-17 19:22:00','2021-03-17 19:22:00','2019-10-19 17:14:14','2020-01-09 09:46:23',1000,'contribution',8,5,19),(35,'2021-03-17 19:22:00','2021-03-17 19:22:00','1977-12-16 06:10:15','2001-06-08 01:21:01',5608929.03,'contribution',6,9,16),(36,'2021-03-17 19:22:00','2021-03-17 19:22:00','1995-06-17 20:31:35','1996-03-10 00:27:47',562652.51,'booking',8,10,16),(37,'2021-03-17 19:22:00','2021-03-17 19:22:00','2018-05-16 02:26:28','2019-05-18 14:32:01',322253.94,'booking',11,1,17),(38,'2021-03-17 19:22:00','2021-03-17 19:22:00','2018-08-26 01:14:37','2019-02-14 09:16:37',1000,'contribution',13,8,15),(39,'2021-03-17 19:22:00','2021-03-17 19:22:00','1996-02-04 19:34:00','2014-06-17 19:08:28',1000,'booking',8,1,17),(40,'2021-03-17 19:22:00','2021-03-17 19:22:00','2006-01-31 01:33:29','2021-01-28 13:01:54',1000,'contribution',11,4,12),(41,'2021-03-17 19:22:00','2021-03-17 19:22:00','1985-01-28 16:51:50','2003-02-16 06:55:56',40036364.73,'booking',9,9,18),(42,'2021-03-17 19:22:00','2021-03-17 19:22:00','1980-10-03 15:30:59','2019-02-12 20:51:34',1000,'rent',9,5,14),(43,'2021-03-17 19:22:00','2021-03-17 19:22:00','2002-07-16 12:45:27','2017-10-06 14:38:42',76987.61,'booking',4,10,11),(44,'2021-03-17 19:22:00','2021-03-17 19:22:00','2010-08-07 22:29:05','2012-03-24 01:29:04',1000,'booking',7,4,19),(45,'2021-03-17 19:22:00','2021-03-17 19:22:00','1998-07-12 11:34:09','2008-12-06 11:12:15',201462,'contribution',10,9,18),(46,'2021-03-17 19:22:00','2021-03-17 19:22:00','2009-06-26 05:29:50','2013-03-27 00:59:32',240512535.14,'booking',13,3,18),(47,'2021-03-17 19:22:01','2021-03-17 19:22:01','1988-09-27 10:33:51','1998-05-08 07:09:00',1000,'contribution',13,10,17),(48,'2021-03-17 19:22:01','2021-03-17 19:22:01','1974-12-03 20:41:49','1981-03-01 09:45:02',1000,'contribution',8,2,12),(49,'2021-03-17 19:22:01','2021-03-17 19:22:01','1996-05-10 10:50:49','2020-05-13 16:51:56',4145685.07,'booking',6,6,14),(50,'2021-03-17 19:22:01','2021-03-17 19:22:01','1978-06-08 07:49:20','1999-05-11 22:32:20',1000,'rent',6,7,20),(51,'2021-03-17 19:22:01','2021-03-17 19:22:01','1985-10-19 21:38:35','1991-09-01 02:10:17',1000,'booking',9,8,16),(52,'2021-03-17 19:22:01','2021-03-17 19:22:01','1995-03-14 14:18:18','2008-12-12 07:25:07',1000,'rent',13,8,11),(53,'2021-03-17 19:22:01','2021-03-17 19:22:01','2003-04-27 04:46:02','2007-05-09 11:24:11',1000,'booking',4,4,19),(54,'2021-03-17 19:22:01','2021-03-17 19:22:01','1970-08-01 10:14:19','1985-03-01 18:37:05',725068.51,'rent',9,7,20),(55,'2021-03-17 19:22:01','2021-03-17 19:22:01','1979-11-05 21:44:44','1993-10-03 23:32:58',19804850.63,'contribution',4,7,14),(56,'2021-03-17 19:22:01','2021-03-17 19:22:01','1974-05-10 10:05:55','2011-03-27 02:08:41',36722401.55,'rent',7,1,14),(57,'2021-03-17 19:22:01','2021-03-17 19:22:01','1975-11-28 01:27:16','1996-09-14 21:13:16',1000,'booking',10,3,15),(58,'2021-03-17 19:22:01','2021-03-17 19:22:01','2002-03-23 14:26:28','2007-10-20 05:59:46',1000,'rent',8,3,11),(59,'2021-03-17 19:22:01','2021-03-17 19:22:01','2019-07-22 08:12:32','2021-05-27 02:05:58',1000,'booking',5,8,18),(60,'2021-03-17 19:22:01','2021-03-17 19:22:01','1991-11-25 01:54:18','1996-02-05 22:51:39',46420995.75,'booking',7,5,15),(61,'2021-03-17 19:22:01','2021-03-17 19:22:01','1987-11-26 12:23:34','2017-01-09 03:27:53',2113710.68,'contribution',8,6,16),(62,'2021-03-17 19:22:01','2021-03-17 19:22:01','1986-12-29 17:16:07','2013-06-26 04:46:44',7576602.47,'contribution',5,8,17),(63,'2021-03-17 19:22:01','2021-03-17 19:22:01','1979-03-08 07:35:18','2019-06-09 23:21:44',1352240.34,'booking',9,7,14),(64,'2021-03-17 19:22:01','2021-03-17 19:22:01','1992-01-05 15:17:43','2016-07-26 12:20:01',1000,'contribution',5,1,19),(65,'2021-03-17 19:22:01','2021-03-17 19:22:01','1983-08-11 03:07:49','1995-01-06 22:40:21',1000,'contribution',11,4,15),(66,'2021-03-17 19:22:01','2021-03-17 19:22:01','2013-12-16 17:51:28','2018-05-01 00:32:47',5031936.39,'rent',5,2,19),(67,'2021-03-17 19:22:01','2021-03-17 19:22:01','2014-07-03 04:20:34','2017-07-09 19:55:06',1000,'contribution',7,7,16),(68,'2021-03-17 19:22:01','2021-03-17 19:22:01','1972-04-27 17:10:56','2008-10-10 05:14:31',6120.47,'contribution',5,6,20),(69,'2021-03-17 19:22:01','2021-03-17 19:22:01','1983-01-29 13:50:40','1983-11-26 09:05:55',1000,'booking',8,11,17),(70,'2021-03-17 19:22:01','2021-03-17 19:22:01','2020-01-14 23:25:55','2020-08-28 15:33:24',49611.89,'booking',11,9,14),(71,'2021-03-17 19:22:01','2021-03-17 19:22:01','2004-09-14 16:18:51','2016-01-29 19:50:43',1000,'booking',13,11,15),(72,'2021-03-17 19:22:01','2021-03-17 19:22:01','1999-09-26 10:32:17','2019-11-09 02:04:21',7762.42,'booking',6,7,11),(73,'2021-03-17 19:22:02','2021-03-17 19:22:02','2016-10-25 17:57:47','2018-01-13 10:58:48',1000,'booking',11,4,15),(74,'2021-03-17 19:22:02','2021-03-17 19:22:02','2008-02-20 05:17:45','2008-05-12 05:05:26',101286.72,'contribution',10,5,16),(75,'2021-03-17 19:22:02','2021-03-17 19:22:02','2016-02-19 21:58:35','2020-11-11 02:46:11',1000,'contribution',5,4,18),(76,'2021-03-17 19:22:02','2021-03-17 19:22:02','2016-05-24 22:56:47','2021-02-23 04:33:51',1456735.19,'contribution',10,7,19),(77,'2021-03-17 19:22:02','2021-03-17 19:22:02','1985-03-13 03:34:41','2007-09-04 19:28:02',2351.19,'booking',4,11,19),(78,'2021-03-17 19:22:02','2021-03-17 19:22:02','1991-06-08 21:51:39','2011-10-27 20:35:19',11861095.29,'booking',7,11,13),(79,'2021-03-17 19:22:02','2021-03-17 19:22:02','1977-08-07 11:12:33','1991-08-31 04:19:44',43939094.84,'rent',10,1,16),(80,'2021-03-17 19:22:02','2021-03-17 19:22:02','1992-11-02 08:54:20','2019-04-21 15:23:01',1000,'contribution',10,5,18),(81,'2021-03-17 19:22:02','2021-03-17 19:22:02','2012-04-24 17:38:40','2013-02-28 22:47:53',5141772.72,'rent',7,11,11),(82,'2021-03-17 19:22:02','2021-03-17 19:22:02','1981-11-27 22:34:48','2007-09-28 19:37:52',6922.85,'booking',13,6,16),(83,'2021-03-17 19:22:02','2021-03-17 19:22:02','2003-07-26 20:34:43','2014-05-08 12:51:48',1000,'booking',10,10,17),(84,'2021-03-17 19:22:02','2021-03-17 19:22:02','1987-06-12 03:49:46','2002-04-07 13:14:04',5087.19,'rent',6,11,13),(85,'2021-03-17 19:22:02','2021-03-17 19:22:02','1996-05-28 02:37:21','2015-04-24 23:41:11',1000,'booking',9,10,12),(86,'2021-03-17 19:22:02','2021-03-17 19:22:02','2012-05-14 01:55:25','2019-10-02 17:26:54',876018.5,'rent',6,10,18),(87,'2021-03-17 19:22:02','2021-03-17 19:22:02','1994-11-23 05:17:25','1998-07-03 22:27:36',113406600,'contribution',5,8,12),(88,'2021-03-17 19:22:02','2021-03-17 19:22:02','1985-11-04 20:40:00','2000-11-27 13:39:14',4968.82,'rent',6,7,20),(89,'2021-03-17 19:22:02','2021-03-17 19:22:02','1982-04-20 04:30:04','1983-10-09 09:49:54',1000,'booking',13,10,14),(90,'2021-03-17 19:22:02','2021-03-17 19:22:02','2014-05-15 03:45:07','2018-10-17 23:44:07',1350.51,'contribution',10,10,19),(91,'2021-03-17 19:22:02','2021-03-17 19:22:02','1998-10-05 12:18:32','2011-07-19 01:47:10',5253.26,'booking',5,5,16),(92,'2021-03-17 19:22:02','2021-03-17 19:22:02','2012-12-01 00:08:34','2019-02-11 14:04:56',1000,'rent',12,11,17),(93,'2021-03-17 19:22:02','2021-03-17 19:22:02','1988-10-24 18:48:22','1994-10-17 11:34:57',1000,'rent',13,8,14),(94,'2021-03-17 19:22:02','2021-03-17 19:22:02','1970-12-22 03:05:21','1983-12-19 10:39:59',6633.69,'rent',9,4,18),(95,'2021-03-17 19:22:02','2021-03-17 19:22:02','2005-09-09 10:46:10','2015-11-05 16:51:09',1000,'rent',8,9,20),(96,'2021-03-17 19:22:02','2021-03-17 19:22:02','2013-05-29 02:35:40','2018-11-21 11:53:58',16590248.82,'contribution',13,5,12),(97,'2021-03-17 19:22:02','2021-03-17 19:22:02','1970-12-24 00:05:25','2008-06-12 11:29:43',9062.58,'booking',12,2,17),(98,'2021-03-17 19:22:02','2021-03-17 19:22:02','2006-09-29 21:50:58','2020-12-02 07:22:31',1000,'contribution',5,8,20),(99,'2021-03-17 19:22:03','2021-03-17 19:22:03','1979-08-28 09:18:39','2014-08-21 01:59:43',1000,'rent',5,11,20),(100,'2021-03-17 19:22:03','2021-03-17 19:22:03','2001-05-22 13:19:41','2007-02-02 18:14:26',116288.97,'rent',13,11,16),(101,'2021-03-17 19:22:03','2021-03-17 19:22:03','1993-03-10 12:56:05','2012-12-09 14:00:35',1532.03,'contribution',4,5,18),(102,'2021-03-17 19:22:03','2021-03-17 19:22:03','2008-10-16 21:12:52','2017-01-25 13:52:49',71725348.68,'rent',10,11,17),(103,'2021-03-17 19:22:03','2021-03-17 19:22:03','2002-02-28 07:59:04','2017-05-15 10:19:30',2256701.4,'contribution',7,1,19),(104,'2021-03-17 19:22:03','2021-03-17 19:22:03','1992-02-18 16:47:19','1994-11-10 16:46:45',7236.45,'contribution',6,3,20),(105,'2021-03-17 19:22:03','2021-03-17 19:22:03','2014-12-25 04:40:43','2016-04-17 16:05:42',658509677.16,'rent',10,11,17),(106,'2021-03-17 19:22:03','2021-03-17 19:22:03','2012-05-14 09:33:25','2014-09-17 03:53:47',1000,'contribution',8,6,15),(107,'2021-03-17 19:22:03','2021-03-17 19:22:03','1987-05-13 15:55:12','2009-09-24 14:52:02',1325.77,'rent',10,7,12),(108,'2021-03-17 19:22:03','2021-03-17 19:22:03','1975-09-28 17:49:22','2016-09-10 14:40:54',1000,'rent',12,4,14),(109,'2021-03-17 19:22:03','2021-03-17 19:22:03','1986-11-16 22:11:06','2000-07-22 11:50:19',476867.3,'rent',8,8,15),(110,'2021-03-17 19:22:03','2021-03-17 19:22:03','1988-05-06 10:02:29','1989-06-26 13:04:02',6291.55,'booking',4,10,18),(111,'2021-03-17 19:22:03','2021-03-17 19:22:03','2002-03-04 14:54:15','2019-05-29 07:39:39',216211126.41,'booking',12,3,11),(112,'2021-03-17 19:22:03','2021-03-17 19:22:03','2007-11-10 09:01:33','2011-10-16 23:24:57',1000,'contribution',8,1,15),(113,'2021-03-17 19:22:03','2021-03-17 19:22:03','1992-07-15 14:15:03','2007-06-10 09:52:37',1000,'contribution',11,9,14),(114,'2021-03-17 19:22:03','2021-03-17 19:22:03','1990-11-19 15:26:43','2003-09-12 15:14:13',2197.18,'rent',4,3,11),(115,'2021-03-17 19:22:03','2021-03-17 19:22:03','1976-04-21 13:16:27','2011-06-15 19:17:10',767596,'contribution',10,9,16),(116,'2021-03-17 19:22:03','2021-03-17 19:22:03','1990-11-02 01:35:19','2007-03-30 07:27:16',1829.62,'rent',6,10,17),(117,'2021-03-17 19:22:03','2021-03-17 19:22:03','1972-12-27 18:30:07','1987-05-08 10:01:39',592368950.34,'contribution',6,9,18),(118,'2021-03-17 19:22:03','2021-03-17 19:22:03','2012-09-26 13:49:57','2013-04-23 02:12:59',381339.09,'contribution',5,7,16),(119,'2021-03-17 19:22:03','2021-03-17 19:22:03','2007-06-06 16:39:00','2016-10-24 15:06:26',8433881.56,'booking',9,7,12),(120,'2021-03-17 19:22:03','2021-03-17 19:22:03','2011-07-17 00:15:44','2016-03-13 15:12:59',28666.24,'contribution',13,5,20),(121,'2021-03-17 19:22:03','2021-03-17 19:22:03','2013-07-18 21:56:05','2017-01-14 18:26:23',136920276.97,'contribution',11,2,14),(122,'2021-03-17 19:22:03','2021-03-17 19:22:03','1993-07-06 10:57:49','1998-05-05 09:22:32',833745079.35,'rent',6,3,11),(123,'2021-03-17 19:22:03','2021-03-17 19:22:03','1998-07-27 09:51:47','2017-09-05 12:03:32',1915.86,'booking',4,6,20),(124,'2021-03-17 19:22:04','2021-03-17 19:22:04','2008-10-14 01:57:48','2014-07-31 21:38:42',1000,'contribution',6,1,16),(125,'2021-03-17 19:22:04','2021-03-17 19:22:04','2011-04-30 04:38:29','2015-01-24 12:57:46',1586.57,'booking',10,7,11),(126,'2021-03-17 19:22:04','2021-03-17 19:22:04','1986-04-29 19:37:21','1999-08-29 11:15:50',55257.65,'contribution',11,9,19),(127,'2021-03-17 19:22:04','2021-03-17 19:22:04','1987-10-09 07:47:18','2004-07-19 10:29:51',1310484.35,'contribution',13,6,12),(128,'2021-03-17 19:22:04','2021-03-17 19:22:04','1989-12-24 06:20:05','1990-01-17 02:45:12',1414.59,'booking',8,2,11),(129,'2021-03-17 19:22:04','2021-03-17 19:22:04','2001-11-02 01:29:54','2009-08-24 03:44:31',1000,'contribution',12,5,15),(130,'2021-03-17 19:22:04','2021-03-17 19:22:04','1970-05-15 00:04:43','2003-01-30 19:14:17',53329.55,'rent',9,6,14),(131,'2021-03-17 19:22:04','2021-03-17 19:22:04','1975-09-14 12:31:33','1990-01-13 10:21:02',61536.88,'contribution',12,11,19),(132,'2021-03-17 19:22:04','2021-03-17 19:22:04','2001-11-01 17:49:08','2002-12-12 13:45:37',1000,'rent',13,6,16),(133,'2021-03-17 19:22:04','2021-03-17 19:22:04','2017-09-22 15:55:50','2018-03-13 00:25:00',6418.4,'booking',6,9,13),(134,'2021-03-17 19:22:04','2021-03-17 19:22:04','2003-05-25 05:12:08','2018-09-23 15:42:08',1000,'booking',9,8,17),(135,'2021-03-17 19:22:04','2021-03-17 19:22:04','1972-06-18 00:46:53','2009-09-29 23:19:25',19439.98,'booking',5,6,11),(136,'2021-03-17 19:22:04','2021-03-17 19:22:04','1975-10-13 12:40:16','2010-01-16 14:03:45',30298.23,'rent',7,5,17),(137,'2021-03-17 19:22:04','2021-03-17 19:22:04','2018-02-12 08:52:39','2019-02-01 01:46:03',247119.91,'booking',9,7,20),(138,'2021-03-17 19:22:04','2021-03-17 19:22:04','1978-04-29 01:56:07','1986-08-22 02:29:42',1096069.18,'rent',5,3,11),(139,'2021-03-17 19:22:04','2021-03-17 19:22:04','1995-07-21 05:18:54','2004-03-05 00:29:30',1000,'rent',7,8,18),(140,'2021-03-17 19:22:04','2021-03-17 19:22:04','2008-02-13 18:10:06','2015-03-24 05:40:38',1000,'contribution',9,11,14),(141,'2021-03-17 19:22:04','2021-03-17 19:22:04','1975-03-11 13:22:06','1979-03-22 05:05:47',1000,'rent',6,2,16),(142,'2021-03-17 19:22:04','2021-03-17 19:22:04','1986-06-28 06:56:37','2016-09-02 15:46:50',1466.71,'booking',13,11,20),(143,'2021-03-17 19:22:04','2021-03-17 19:22:04','1987-05-05 16:51:12','1988-12-05 12:04:44',64644.74,'booking',9,5,12),(144,'2021-03-17 19:22:04','2021-03-17 19:22:04','2002-04-12 01:43:02','2013-06-23 04:39:05',35447.11,'contribution',4,1,14),(145,'2021-03-17 19:22:04','2021-03-17 19:22:04','1977-09-09 06:16:44','2020-08-03 21:40:57',4973.33,'booking',12,3,11),(146,'2021-03-17 19:22:04','2021-03-17 19:22:04','2020-10-20 07:57:42','2021-05-02 10:47:05',1000,'booking',10,10,18),(147,'2021-03-17 19:22:04','2021-03-17 19:22:04','1976-10-17 10:58:16','1998-06-04 19:08:32',53065.77,'contribution',13,7,20),(148,'2021-03-17 19:22:04','2021-03-17 19:22:04','2005-09-13 20:31:24','2005-10-24 00:08:13',669316829.5,'rent',7,7,19),(149,'2021-03-17 19:22:04','2021-03-17 19:22:04','1997-01-15 22:12:06','2018-10-31 11:27:48',12265.5,'rent',6,3,19),(150,'2021-03-17 19:22:04','2021-03-17 19:22:04','1999-09-10 06:12:54','2011-04-29 18:56:25',3971.09,'contribution',5,1,16),(151,'2021-03-17 19:22:04','2021-03-17 19:22:04','1996-02-16 21:55:36','2020-01-09 09:43:49',112178770.96,'contribution',6,10,14),(152,'2021-03-17 19:22:04','2021-03-17 19:22:04','1985-04-17 20:00:18','2017-11-29 11:27:00',1000,'rent',7,8,17),(153,'2021-03-17 19:22:04','2021-03-17 19:22:04','1995-10-13 03:10:18','1996-08-30 17:42:58',221013037.97,'rent',10,2,19),(154,'2021-03-17 19:22:05','2021-03-17 19:22:05','1986-12-07 04:53:32','1996-08-09 09:37:11',256847260.07,'contribution',8,6,16),(155,'2021-03-17 19:22:05','2021-03-17 19:22:05','1997-06-30 04:45:25','1999-06-26 12:45:47',1000,'booking',4,9,17),(156,'2021-03-17 19:22:05','2021-03-17 19:22:05','1997-03-10 08:47:48','2007-12-17 05:44:37',290081.97,'rent',5,9,17),(157,'2021-03-17 19:22:05','2021-03-17 19:22:05','1998-12-18 16:01:04','2000-05-14 14:00:10',1761605.78,'booking',5,8,16),(158,'2021-03-17 19:22:05','2021-03-17 19:22:05','1993-10-21 16:37:01','2001-06-16 07:30:35',1000,'contribution',9,8,16),(159,'2021-03-17 19:22:05','2021-03-17 19:22:05','1990-12-04 00:38:51','2019-02-09 05:59:35',717196617.26,'rent',6,10,20),(160,'2021-03-17 19:22:05','2021-03-17 19:22:05','1977-03-13 09:07:49','1982-05-12 03:16:19',761744.48,'contribution',4,3,14),(161,'2021-03-17 19:22:05','2021-03-17 19:22:05','2011-03-02 05:49:46','2018-08-23 16:04:12',74787.68,'contribution',5,9,16),(162,'2021-03-17 19:22:05','2021-03-17 19:22:05','2014-10-17 03:17:57','2020-11-04 16:52:52',1000,'booking',10,1,15),(163,'2021-03-17 19:22:05','2021-03-17 19:22:05','2002-01-15 12:47:34','2017-04-17 03:41:34',32458.18,'booking',5,4,12),(164,'2021-03-17 19:22:05','2021-03-17 19:22:05','1987-04-21 02:00:28','1987-10-26 15:30:33',1000,'rent',7,1,17),(165,'2021-03-17 19:22:05','2021-03-17 19:22:05','1992-08-01 13:23:26','2010-09-22 04:59:10',1000,'contribution',11,9,13),(166,'2021-03-17 19:22:05','2021-03-17 19:22:05','2004-04-12 22:32:30','2012-01-10 11:36:13',12733236.5,'contribution',5,5,12),(167,'2021-03-17 19:22:05','2021-03-17 19:22:05','1985-03-31 11:36:43','1992-03-23 02:41:17',1000,'rent',12,8,19),(168,'2021-03-17 19:22:05','2021-03-17 19:22:05','2001-10-01 01:40:52','2009-01-17 11:53:33',1000,'booking',10,3,15),(169,'2021-03-17 19:22:05','2021-03-17 19:22:05','1991-09-08 07:54:16','2010-03-01 19:46:53',11924.88,'rent',4,4,20),(170,'2021-03-17 19:22:05','2021-03-17 19:22:05','2004-11-10 21:34:26','2014-05-22 17:33:09',24081263.82,'contribution',5,4,15),(171,'2021-03-17 19:22:05','2021-03-17 19:22:05','1995-01-06 03:41:53','2000-02-06 07:52:12',17284.9,'booking',10,4,19),(172,'2021-03-17 19:22:05','2021-03-17 19:22:05','1984-12-07 20:09:20','2016-09-05 04:17:05',3761.5,'contribution',4,2,16),(173,'2021-03-17 19:22:05','2021-03-17 19:22:05','2013-12-14 23:03:44','2017-10-04 14:53:34',1000,'contribution',7,7,18),(174,'2021-03-17 19:22:05','2021-03-17 19:22:05','1973-09-15 10:53:13','2009-03-10 05:35:40',22364249.65,'rent',7,6,17),(175,'2021-03-17 19:22:05','2021-03-17 19:22:05','1993-01-16 15:42:07','2006-08-16 10:26:42',4289.88,'rent',7,11,16),(176,'2021-03-17 19:22:05','2021-03-17 19:22:05','1970-06-09 19:14:45','1976-01-15 13:39:23',1000,'rent',6,11,14),(177,'2021-03-17 19:22:05','2021-03-17 19:22:05','1970-02-17 09:33:15','1997-10-18 23:10:16',19181.37,'rent',5,6,12),(178,'2021-03-17 19:22:05','2021-03-17 19:22:05','1974-09-11 23:38:42','1996-10-07 11:14:33',1000,'contribution',6,8,16),(179,'2021-03-17 19:22:06','2021-03-17 19:22:06','1998-09-07 23:14:35','2007-02-01 05:16:54',1000,'rent',8,8,20),(180,'2021-03-17 19:22:06','2021-03-17 19:22:06','1986-09-08 06:41:41','1997-04-10 13:26:57',38790.72,'contribution',12,7,15),(181,'2021-03-17 19:22:06','2021-03-17 19:22:06','1982-05-10 15:55:15','2001-08-01 06:12:11',1188.36,'booking',11,6,17),(182,'2021-03-17 19:22:06','2021-03-17 19:22:06','2003-08-05 13:08:34','2019-03-25 08:38:57',170647.08,'booking',8,6,12),(183,'2021-03-17 19:22:06','2021-03-17 19:22:06','1997-10-08 07:31:37','2006-12-07 06:52:59',1774.17,'contribution',9,2,19),(184,'2021-03-17 19:22:06','2021-03-17 19:22:06','2017-07-03 18:29:38','2018-04-24 03:12:18',1000,'contribution',7,11,14),(185,'2021-03-17 19:22:06','2021-03-17 19:22:06','1999-11-13 12:28:20','2009-01-12 03:16:07',3705502.63,'contribution',4,4,11),(186,'2021-03-17 19:22:06','2021-03-17 19:22:06','1995-10-13 05:10:18','2008-10-05 16:23:19',1000,'contribution',9,7,11),(187,'2021-03-17 19:22:06','2021-03-17 19:22:06','1990-12-03 20:03:02','2020-01-14 23:48:47',20252.94,'contribution',6,4,16),(188,'2021-03-17 19:22:06','2021-03-17 19:22:06','1973-03-11 00:22:59','2017-02-07 13:22:40',1000,'rent',11,8,19),(189,'2021-03-17 19:22:06','2021-03-17 19:22:06','2018-02-24 21:10:56','2019-10-19 16:14:45',104469851.98,'rent',6,6,13),(190,'2021-03-17 19:22:06','2021-03-17 19:22:06','1999-07-27 15:43:32','2007-06-24 08:58:20',1000,'contribution',13,11,14),(191,'2021-03-17 19:22:06','2021-03-17 19:22:06','2001-06-29 21:20:31','2017-02-28 14:44:59',1000,'contribution',11,2,13),(192,'2021-03-17 19:22:06','2021-03-17 19:22:06','1998-01-12 09:49:41','2000-06-20 15:35:46',1853713.23,'booking',7,10,15),(193,'2021-03-17 19:22:06','2021-03-17 19:22:06','2000-01-11 13:17:10','2017-10-01 09:17:31',1564.5,'rent',12,4,20),(194,'2021-03-17 19:22:06','2021-03-17 19:22:06','1985-01-30 10:20:31','1994-04-28 11:38:36',1000,'booking',6,2,19),(195,'2021-03-17 19:22:06','2021-03-17 19:22:06','1976-09-16 01:37:55','1984-08-05 07:43:55',1253557.85,'booking',7,4,12),(196,'2021-03-17 19:22:06','2021-03-17 19:22:06','1998-12-13 12:08:30','1999-03-20 00:26:33',1000,'booking',9,7,15),(197,'2021-03-17 19:22:06','2021-03-17 19:22:06','1971-01-25 15:38:56','1987-07-25 02:30:47',1000,'booking',5,6,12),(198,'2021-03-17 19:22:06','2021-03-17 19:22:06','1981-06-19 05:24:29','1989-06-02 22:11:28',32437741.54,'contribution',12,4,19),(199,'2021-03-17 19:22:06','2021-03-17 19:22:06','1972-01-25 14:04:32','1998-02-16 14:21:55',82642739.83,'booking',9,11,18),(200,'2021-03-17 19:22:06','2021-03-17 19:22:06','2011-12-12 12:51:32','2021-03-18 07:17:22',1000,'rent',7,7,13),(201,'2021-03-17 19:12:42','2021-03-17 19:12:42','2021-05-01 07:40:00','2021-05-01 07:40:00',1000,'rent',NULL,NULL,23);
/*!40000 ALTER TABLE `payments` ENABLE KEYS */;
UNLOCK TABLES;

--
-- Table structure for table `tenancies`
--

DROP TABLE IF EXISTS `tenancies`;
/*!40101 SET @saved_cs_client     = @@character_set_client */;
/*!40101 SET character_set_client = utf8 */;
CREATE TABLE `tenancies` (
  `id` bigint(20) unsigned NOT NULL AUTO_INCREMENT,
  `created_at` timestamp NULL DEFAULT NULL,
  `updated_at` timestamp NULL DEFAULT NULL,
  `start_date` timestamp NOT NULL DEFAULT '2021-04-28 15:53:11',
  `end_date` timestamp NOT NULL DEFAULT '2021-04-28 15:53:11',
  `expected_end_date` timestamp NOT NULL DEFAULT '2021-04-28 15:53:11',
  `house_id` bigint(20) unsigned NOT NULL,
  `tenant_id` bigint(20) unsigned NOT NULL,
  PRIMARY KEY (`id`),
  KEY `tenancies_house_id_foreign` (`house_id`),
  KEY `tenancies_tenant_id_foreign` (`tenant_id`),
  CONSTRAINT `tenancies_house_id_foreign` FOREIGN KEY (`house_id`) REFERENCES `houses` (`id`) ON DELETE CASCADE,
  CONSTRAINT `tenancies_tenant_id_foreign` FOREIGN KEY (`tenant_id`) REFERENCES `tenants` (`id`) ON DELETE CASCADE
) ENGINE=InnoDB AUTO_INCREMENT=19 DEFAULT CHARSET=utf8mb4 COLLATE=utf8mb4_unicode_ci;
/*!40101 SET character_set_client = @saved_cs_client */;

--
-- Dumping data for table `tenancies`
--

LOCK TABLES `tenancies` WRITE;
/*!40000 ALTER TABLE `tenancies` DISABLE KEYS */;
INSERT INTO `tenancies` VALUES (4,'2021-04-28 16:36:46','2021-04-28 16:36:46','2021-04-28 16:36:46','2021-06-07 16:36:46','2021-06-07 16:36:46',55,15),(5,'2021-04-28 16:36:46','2021-04-28 16:36:46','2021-04-28 16:36:46','2021-06-07 16:36:46','2021-06-07 16:36:46',59,19),(6,'2021-04-28 16:36:46','2021-04-28 16:36:46','2021-04-28 16:36:46','2021-06-07 16:36:46','2021-06-07 16:36:46',54,15),(7,'2021-04-28 16:36:46','2021-04-28 16:36:46','2021-04-28 16:36:46','2021-06-07 16:36:46','2021-06-07 16:36:46',52,16),(8,'2021-04-28 16:36:46','2021-04-28 16:36:46','2021-04-28 16:36:46','2021-06-07 16:36:46','2021-06-07 16:36:46',51,14),(9,'2021-04-28 16:36:46','2021-04-28 16:36:46','2021-04-28 16:36:46','2021-06-07 16:36:46','2021-06-07 16:36:46',56,11),(10,'2021-04-28 16:36:46','2021-04-28 16:36:46','2021-04-28 16:36:46','2021-06-07 16:36:46','2021-06-07 16:36:46',54,15),(11,'2021-04-28 16:36:46','2021-04-28 16:36:46','2021-04-28 16:36:46','2021-06-07 16:36:46','2021-06-07 16:36:46',56,16),(12,'2021-04-28 16:36:46','2021-04-28 16:36:46','2021-04-28 16:36:46','2021-06-07 16:36:46','2021-06-07 16:36:46',52,17),(13,'2021-04-28 16:36:46','2021-04-28 16:36:46','2021-04-28 16:36:46','2021-06-07 16:36:46','2021-06-07 16:36:46',55,11),(15,'2021-04-29 07:26:41','2021-04-29 07:26:41','2021-04-28 16:36:46','2021-06-07 16:36:46','2021-06-07 16:36:46',56,15),(18,'2021-06-07 16:36:46','2021-06-07 16:36:46','2021-06-07 16:36:46','2021-06-07 16:36:46','2021-06-07 16:36:46',57,21);
/*!40000 ALTER TABLE `tenancies` ENABLE KEYS */;
UNLOCK TABLES;

--
-- Table structure for table `tenants`
--

DROP TABLE IF EXISTS `tenants`;
/*!40101 SET @saved_cs_client     = @@character_set_client */;
/*!40101 SET character_set_client = utf8 */;
CREATE TABLE `tenants` (
  `id` bigint(20) unsigned NOT NULL AUTO_INCREMENT,
  `created_at` timestamp NULL DEFAULT NULL,
  `updated_at` timestamp NULL DEFAULT NULL,
  `first_name` varchar(255) COLLATE utf8mb4_unicode_ci NOT NULL,
  `last_name` varchar(255) COLLATE utf8mb4_unicode_ci NOT NULL,
  `email` varchar(255) COLLATE utf8mb4_unicode_ci NOT NULL,
  `phone` varchar(255) COLLATE utf8mb4_unicode_ci NOT NULL,
  `status` varchar(255) COLLATE utf8mb4_unicode_ci NOT NULL,
  `password` varchar(255) COLLATE utf8mb4_unicode_ci NOT NULL,
  `remember_token` varchar(100) COLLATE utf8mb4_unicode_ci DEFAULT NULL,
  PRIMARY KEY (`id`),
  UNIQUE KEY `tenants_email_unique` (`email`),
  UNIQUE KEY `tenants_phone_unique` (`phone`)
) ENGINE=InnoDB AUTO_INCREMENT=24 DEFAULT CHARSET=utf8mb4 COLLATE=utf8mb4_unicode_ci;
/*!40101 SET character_set_client = @saved_cs_client */;

--
-- Dumping data for table `tenants`
--

LOCK TABLES `tenants` WRITE;
/*!40000 ALTER TABLE `tenants` DISABLE KEYS */;
INSERT INTO `tenants` VALUES (11,'2021-04-28 16:32:06','2021-04-28 16:32:06','Jerel','Fritsch','alyce.schroeder@example.net','+1.540.626.3989','prospective','$2y$10$92IXUNpkjO0rOQ5byMi.Ye4oKoEa3Ro9llC/.og/at2.uheWG/igi','faEQzBLtAnG2aQGPnhdM2kx41tczqq'),(12,'2021-04-28 16:32:06','2021-04-28 16:32:06','Rolando','Cronin','purdy.mae@example.net','559.865.1633','past','$2y$10$92IXUNpkjO0rOQ5byMi.Ye4oKoEa3Ro9llC/.og/at2.uheWG/igi','Bzriu1cl1hq4xjwDRaR9PTRrWnzYpd'),(13,'2021-04-28 16:32:06','2021-04-28 16:32:06','Margarette','Medhurst','anderson.raynor@example.net','713-762-9308','prospective','$2y$10$92IXUNpkjO0rOQ5byMi.Ye4oKoEa3Ro9llC/.og/at2.uheWG/igi','fI7sRKyCOMz59MDMWD9pOUntjzkGPK'),(14,'2021-04-28 16:32:06','2021-04-28 16:32:06','Dagmar','Upton','klangworth@example.com','830-965-1818','past','$2y$10$92IXUNpkjO0rOQ5byMi.Ye4oKoEa3Ro9llC/.og/at2.uheWG/igi','pn981BYlMaRirETy7i2jzarCqtVDqT'),(15,'2021-04-28 16:32:06','2021-04-28 16:32:06','Santino','Bergstrom','runolfsson.yolanda@example.org','(616) 908-1428','prospective','$2y$10$92IXUNpkjO0rOQ5byMi.Ye4oKoEa3Ro9llC/.og/at2.uheWG/igi','zwIsP2zsAt5I961INFWWICCyWX3O7u'),(16,'2021-04-28 16:32:06','2021-04-28 16:32:06','Lilliana','Lemke','hane.una@example.org','+1.425.496.7688','current','$2y$10$92IXUNpkjO0rOQ5byMi.Ye4oKoEa3Ro9llC/.og/at2.uheWG/igi','2BCIxgdGObkx8ZW2gq8FGQ4JvkLnEV'),(17,'2021-04-28 16:32:06','2021-04-28 16:32:06','Dawn','Walter','dawn.schmidt@example.org','+1-929-756-7914','current','$2y$10$92IXUNpkjO0rOQ5byMi.Ye4oKoEa3Ro9llC/.og/at2.uheWG/igi','lDBIgoMDW3nhzL2hC7oimSR3BKqMLd'),(18,'2021-04-28 16:32:06','2021-04-28 16:32:06','Dayne','Kiehn','elmore.ortiz@example.org','678.453.0119','prospective','$2y$10$92IXUNpkjO0rOQ5byMi.Ye4oKoEa3Ro9llC/.og/at2.uheWG/igi','vaDmU0du7nQyGRXWu4JuFPvoMm7KMR'),(19,'2021-04-28 16:32:06','2021-04-28 16:32:06','Dallin','Rice','kunde.blake@example.com','(320) 929-8532','current','$2y$10$92IXUNpkjO0rOQ5byMi.Ye4oKoEa3Ro9llC/.og/at2.uheWG/igi','WGEtHG1GWNrrgo5I1ysovqrvj6k71G'),(20,'2021-04-28 16:32:06','2021-04-28 16:32:06','Lydia','Kuvalis','johnathan.cole@example.org','351-384-4830','current','$2y$10$92IXUNpkjO0rOQ5byMi.Ye4oKoEa3Ro9llC/.og/at2.uheWG/igi','AfF89bQLXFTdHweEtxsPgfbNypQ1Sw'),(21,'2021-04-29 06:47:59','2021-04-29 06:47:59','George','Ndirangu','ndirangu.mepawa@gmail.com','0746649576','current','$2y$10$t7FjZqDq8kmXQNrPxjht4eR30TP3NkpuSBlibdS1urTQJ0B37EHjS',NULL),(22,'2021-04-29 15:31:48','2021-04-29 15:31:48','George','Wachira','george@gmail.com','074568790','prospective','$2y$10$DONfMOPBGBoOmork0nLkduAx6wAtj8L8ii0Za3Ev87HT6UdGvbxj6',NULL),(23,'2021-05-01 07:40:00','2021-05-01 07:40:00','George','Wachira','admin@dandora.com','0746649578','current','$2y$10$H/18R7/gbutc2q1SEhQN9eXX1xD0h8PrdXnHhWFBXpvNoKpf.ljmS',NULL);
/*!40000 ALTER TABLE `tenants` ENABLE KEYS */;
UNLOCK TABLES;
/*!40103 SET TIME_ZONE=@OLD_TIME_ZONE */;

/*!40101 SET SQL_MODE=@OLD_SQL_MODE */;
/*!40014 SET FOREIGN_KEY_CHECKS=@OLD_FOREIGN_KEY_CHECKS */;
/*!40014 SET UNIQUE_CHECKS=@OLD_UNIQUE_CHECKS */;
/*!40101 SET CHARACTER_SET_CLIENT=@OLD_CHARACTER_SET_CLIENT */;
/*!40101 SET CHARACTER_SET_RESULTS=@OLD_CHARACTER_SET_RESULTS */;
/*!40101 SET COLLATION_CONNECTION=@OLD_COLLATION_CONNECTION */;
/*!40111 SET SQL_NOTES=@OLD_SQL_NOTES */;

-- Dump completed on 2021-03-18  1:18:49
