CREATE DATABASE  IF NOT EXISTS `dandora_backend` /*!40100 DEFAULT CHARACTER SET latin1 */;
USE `dandora_backend`;
-- MariaDB dump 10.19  Distrib 10.4.18-MariaDB, for debian-linux-gnu (x86_64)
--
-- Host: localhost    Database: dandora_backend
-- ------------------------------------------------------
-- Server version	10.4.18-MariaDB-1:10.4.18+maria~focal

/*!40101 SET @OLD_CHARACTER_SET_CLIENT=@@CHARACTER_SET_CLIENT */;
/*!40101 SET @OLD_CHARACTER_SET_RESULTS=@@CHARACTER_SET_RESULTS */;
/*!40101 SET @OLD_COLLATION_CONNECTION=@@COLLATION_CONNECTION */;
/*!40101 SET NAMES utf8 */;
/*!40103 SET @OLD_TIME_ZONE=@@TIME_ZONE */;
/*!40103 SET TIME_ZONE='+00:00' */;
/*!40014 SET @OLD_UNIQUE_CHECKS=@@UNIQUE_CHECKS, UNIQUE_CHECKS=0 */;
/*!40014 SET @OLD_FOREIGN_KEY_CHECKS=@@FOREIGN_KEY_CHECKS, FOREIGN_KEY_CHECKS=0 */;
/*!40101 SET @OLD_SQL_MODE=@@SQL_MODE, SQL_MODE='NO_AUTO_VALUE_ON_ZERO' */;
/*!40111 SET @OLD_SQL_NOTES=@@SQL_NOTES, SQL_NOTES=0 */;

--
-- Table structure for table `bookings`
--

DROP TABLE IF EXISTS `bookings`;
/*!40101 SET @saved_cs_client     = @@character_set_client */;
/*!40101 SET character_set_client = utf8 */;
CREATE TABLE `bookings` (
  `id` bigint(20) unsigned NOT NULL AUTO_INCREMENT,
  `created_at` timestamp NULL DEFAULT NULL,
  `updated_at` timestamp NULL DEFAULT NULL,
  `date_booked` timestamp NOT NULL DEFAULT '2021-05-27 05:41:56',
  `expected_occupy_date` timestamp NOT NULL DEFAULT '2021-05-27 05:41:56',
  `paid` tinyint(1) NOT NULL,
  `house_id` bigint(20) unsigned NOT NULL,
  `tenant_id` bigint(20) unsigned NOT NULL,
  PRIMARY KEY (`id`),
  KEY `bookings_house_id_foreign` (`house_id`),
  KEY `bookings_tenant_id_foreign` (`tenant_id`),
  CONSTRAINT `bookings_house_id_foreign` FOREIGN KEY (`house_id`) REFERENCES `houses` (`id`) ON DELETE CASCADE,
  CONSTRAINT `bookings_tenant_id_foreign` FOREIGN KEY (`tenant_id`) REFERENCES `tenants` (`id`) ON DELETE CASCADE
) ENGINE=InnoDB AUTO_INCREMENT=101 DEFAULT CHARSET=utf8mb4 COLLATE=utf8mb4_unicode_ci;
/*!40101 SET character_set_client = @saved_cs_client */;

--
-- Dumping data for table `bookings`
--

LOCK TABLES `bookings` WRITE;
/*!40000 ALTER TABLE `bookings` DISABLE KEYS */;
INSERT INTO `bookings` VALUES (1,'2021-05-27 05:44:42','2021-05-27 05:44:42','2021-05-27 05:44:42','2021-07-06 05:44:42',0,84,5),(2,'2021-05-27 05:44:42','2021-05-27 05:44:42','2021-05-27 05:44:42','2021-07-06 05:44:42',1,95,3),(3,'2021-05-27 05:44:42','2021-05-27 05:44:42','2021-05-27 05:44:42','2021-07-06 05:44:42',1,1,8),(4,'2021-05-27 05:44:42','2021-05-27 05:44:42','2021-05-27 05:44:42','2021-07-06 05:44:42',0,58,6),(5,'2021-05-27 05:44:42','2021-05-27 05:44:42','2021-05-27 05:44:42','2021-07-06 05:44:42',1,71,8),(6,'2021-05-27 05:44:42','2021-05-27 05:44:42','2021-05-27 05:44:42','2021-07-06 05:44:42',0,75,4),(7,'2021-05-27 05:44:42','2021-05-27 05:44:42','2021-05-27 05:44:42','2021-07-06 05:44:42',1,4,4),(8,'2021-05-27 05:44:42','2021-05-27 05:44:42','2021-05-27 05:44:42','2021-07-06 05:44:42',0,98,6),(9,'2021-05-27 05:44:42','2021-05-27 05:44:42','2021-05-27 05:44:42','2021-07-06 05:44:42',1,20,2),(10,'2021-05-27 05:44:42','2021-05-27 05:44:42','2021-05-27 05:44:42','2021-07-06 05:44:42',0,89,9),(11,'2021-05-27 05:44:42','2021-05-27 05:44:42','2021-05-27 05:44:42','2021-07-06 05:44:42',0,4,9),(12,'2021-05-27 05:44:42','2021-05-27 05:44:42','2021-05-27 05:44:42','2021-07-06 05:44:42',1,48,6),(13,'2021-05-27 05:44:42','2021-05-27 05:44:42','2021-05-27 05:44:42','2021-07-06 05:44:42',0,59,6),(14,'2021-05-27 05:44:42','2021-05-27 05:44:42','2021-05-27 05:44:42','2021-07-06 05:44:42',1,16,7),(15,'2021-05-27 05:44:42','2021-05-27 05:44:42','2021-05-27 05:44:42','2021-07-06 05:44:42',0,2,10),(16,'2021-05-27 05:44:43','2021-05-27 05:44:43','2021-05-27 05:44:42','2021-07-06 05:44:42',1,12,10),(17,'2021-05-27 05:44:43','2021-05-27 05:44:43','2021-05-27 05:44:42','2021-07-06 05:44:42',0,54,10),(18,'2021-05-27 05:44:43','2021-05-27 05:44:43','2021-05-27 05:44:42','2021-07-06 05:44:42',0,10,1),(19,'2021-05-27 05:44:43','2021-05-27 05:44:43','2021-05-27 05:44:42','2021-07-06 05:44:42',0,100,5),(20,'2021-05-27 05:44:43','2021-05-27 05:44:43','2021-05-27 05:44:42','2021-07-06 05:44:42',0,92,9),(21,'2021-05-27 05:44:43','2021-05-27 05:44:43','2021-05-27 05:44:42','2021-07-06 05:44:42',0,39,4),(22,'2021-05-27 05:44:43','2021-05-27 05:44:43','2021-05-27 05:44:42','2021-07-06 05:44:42',0,99,2),(23,'2021-05-27 05:44:43','2021-05-27 05:44:43','2021-05-27 05:44:42','2021-07-06 05:44:42',1,100,6),(24,'2021-05-27 05:44:43','2021-05-27 05:44:43','2021-05-27 05:44:42','2021-07-06 05:44:42',0,71,3),(25,'2021-05-27 05:44:43','2021-05-27 05:44:43','2021-05-27 05:44:42','2021-07-06 05:44:42',0,41,3),(26,'2021-05-27 05:44:43','2021-05-27 05:44:43','2021-05-27 05:44:42','2021-07-06 05:44:42',0,73,10),(27,'2021-05-27 05:44:43','2021-05-27 05:44:43','2021-05-27 05:44:42','2021-07-06 05:44:42',1,53,2),(28,'2021-05-27 05:44:43','2021-05-27 05:44:43','2021-05-27 05:44:42','2021-07-06 05:44:42',0,78,1),(29,'2021-05-27 05:44:43','2021-05-27 05:44:43','2021-05-27 05:44:42','2021-07-06 05:44:42',0,26,8),(30,'2021-05-27 05:44:43','2021-05-27 05:44:43','2021-05-27 05:44:42','2021-07-06 05:44:42',0,4,10),(31,'2021-05-27 05:44:44','2021-05-27 05:44:44','2021-05-27 05:44:42','2021-07-06 05:44:42',0,19,3),(32,'2021-05-27 05:44:44','2021-05-27 05:44:44','2021-05-27 05:44:42','2021-07-06 05:44:42',0,45,3),(33,'2021-05-27 05:44:44','2021-05-27 05:44:44','2021-05-27 05:44:42','2021-07-06 05:44:42',1,82,7),(34,'2021-05-27 05:44:44','2021-05-27 05:44:44','2021-05-27 05:44:42','2021-07-06 05:44:42',1,72,8),(35,'2021-05-27 05:44:44','2021-05-27 05:44:44','2021-05-27 05:44:42','2021-07-06 05:44:42',0,12,8),(36,'2021-05-27 05:44:44','2021-05-27 05:44:44','2021-05-27 05:44:42','2021-07-06 05:44:42',0,51,2),(37,'2021-05-27 05:44:44','2021-05-27 05:44:44','2021-05-27 05:44:42','2021-07-06 05:44:42',1,48,7),(38,'2021-05-27 05:44:45','2021-05-27 05:44:45','2021-05-27 05:44:42','2021-07-06 05:44:42',0,77,7),(39,'2021-05-27 05:44:45','2021-05-27 05:44:45','2021-05-27 05:44:42','2021-07-06 05:44:42',1,38,8),(40,'2021-05-27 05:44:45','2021-05-27 05:44:45','2021-05-27 05:44:42','2021-07-06 05:44:42',1,1,10),(41,'2021-05-27 05:44:45','2021-05-27 05:44:45','2021-05-27 05:44:42','2021-07-06 05:44:42',0,80,3),(42,'2021-05-27 05:44:45','2021-05-27 05:44:45','2021-05-27 05:44:42','2021-07-06 05:44:42',0,69,7),(43,'2021-05-27 05:44:45','2021-05-27 05:44:45','2021-05-27 05:44:42','2021-07-06 05:44:42',1,59,5),(44,'2021-05-27 05:44:45','2021-05-27 05:44:45','2021-05-27 05:44:42','2021-07-06 05:44:42',1,51,1),(45,'2021-05-27 05:44:46','2021-05-27 05:44:46','2021-05-27 05:44:42','2021-07-06 05:44:42',0,78,6),(46,'2021-05-27 05:44:46','2021-05-27 05:44:46','2021-05-27 05:44:42','2021-07-06 05:44:42',1,49,2),(47,'2021-05-27 05:44:46','2021-05-27 05:44:46','2021-05-27 05:44:42','2021-07-06 05:44:42',1,98,4),(48,'2021-05-27 05:44:46','2021-05-27 05:44:46','2021-05-27 05:44:42','2021-07-06 05:44:42',0,50,10),(49,'2021-05-27 05:44:46','2021-05-27 05:44:46','2021-05-27 05:44:42','2021-07-06 05:44:42',0,5,3),(50,'2021-05-27 05:44:46','2021-05-27 05:44:46','2021-05-27 05:44:42','2021-07-06 05:44:42',1,19,2),(51,'2021-05-27 05:44:46','2021-05-27 05:44:46','2021-05-27 05:44:42','2021-07-06 05:44:42',0,39,6),(52,'2021-05-27 05:44:46','2021-05-27 05:44:46','2021-05-27 05:44:42','2021-07-06 05:44:42',0,72,2),(53,'2021-05-27 05:44:46','2021-05-27 05:44:46','2021-05-27 05:44:42','2021-07-06 05:44:42',0,31,7),(54,'2021-05-27 05:44:46','2021-05-27 05:44:46','2021-05-27 05:44:42','2021-07-06 05:44:42',0,85,2),(55,'2021-05-27 05:44:46','2021-05-27 05:44:46','2021-05-27 05:44:42','2021-07-06 05:44:42',0,45,6),(56,'2021-05-27 05:44:46','2021-05-27 05:44:46','2021-05-27 05:44:42','2021-07-06 05:44:42',0,19,1),(57,'2021-05-27 05:44:46','2021-05-27 05:44:46','2021-05-27 05:44:42','2021-07-06 05:44:42',0,13,6),(58,'2021-05-27 05:44:46','2021-05-27 05:44:46','2021-05-27 05:44:42','2021-07-06 05:44:42',0,30,8),(59,'2021-05-27 05:44:46','2021-05-27 05:44:46','2021-05-27 05:44:42','2021-07-06 05:44:42',0,71,7),(60,'2021-05-27 05:44:46','2021-05-27 05:44:46','2021-05-27 05:44:42','2021-07-06 05:44:42',1,97,9),(61,'2021-05-27 05:44:46','2021-05-27 05:44:46','2021-05-27 05:44:42','2021-07-06 05:44:42',0,85,6),(62,'2021-05-27 05:44:46','2021-05-27 05:44:46','2021-05-27 05:44:42','2021-07-06 05:44:42',1,97,6),(63,'2021-05-27 05:44:46','2021-05-27 05:44:46','2021-05-27 05:44:42','2021-07-06 05:44:42',1,6,10),(64,'2021-05-27 05:44:47','2021-05-27 05:44:47','2021-05-27 05:44:42','2021-07-06 05:44:42',1,39,10),(65,'2021-05-27 05:44:47','2021-05-27 05:44:47','2021-05-27 05:44:42','2021-07-06 05:44:42',0,93,7),(66,'2021-05-27 05:44:47','2021-05-27 05:44:47','2021-05-27 05:44:42','2021-07-06 05:44:42',0,37,7),(67,'2021-05-27 05:44:47','2021-05-27 05:44:47','2021-05-27 05:44:42','2021-07-06 05:44:42',1,87,7),(68,'2021-05-27 05:44:47','2021-05-27 05:44:47','2021-05-27 05:44:42','2021-07-06 05:44:42',0,33,10),(69,'2021-05-27 05:44:47','2021-05-27 05:44:47','2021-05-27 05:44:42','2021-07-06 05:44:42',0,32,3),(70,'2021-05-27 05:44:47','2021-05-27 05:44:47','2021-05-27 05:44:42','2021-07-06 05:44:42',1,37,7),(71,'2021-05-27 05:44:47','2021-05-27 05:44:47','2021-05-27 05:44:42','2021-07-06 05:44:42',1,54,9),(72,'2021-05-27 05:44:47','2021-05-27 05:44:47','2021-05-27 05:44:42','2021-07-06 05:44:42',1,48,6),(73,'2021-05-27 05:44:47','2021-05-27 05:44:47','2021-05-27 05:44:42','2021-07-06 05:44:42',0,89,2),(74,'2021-05-27 05:44:47','2021-05-27 05:44:47','2021-05-27 05:44:42','2021-07-06 05:44:42',0,52,5),(75,'2021-05-27 05:44:47','2021-05-27 05:44:47','2021-05-27 05:44:42','2021-07-06 05:44:42',0,68,4),(76,'2021-05-27 05:44:48','2021-05-27 05:44:48','2021-05-27 05:44:42','2021-07-06 05:44:42',1,19,2),(77,'2021-05-27 05:44:48','2021-05-27 05:44:48','2021-05-27 05:44:42','2021-07-06 05:44:42',1,92,9),(78,'2021-05-27 05:44:48','2021-05-27 05:44:48','2021-05-27 05:44:42','2021-07-06 05:44:42',1,30,6),(79,'2021-05-27 05:44:48','2021-05-27 05:44:48','2021-05-27 05:44:42','2021-07-06 05:44:42',1,62,6),(80,'2021-05-27 05:44:49','2021-05-27 05:44:49','2021-05-27 05:44:42','2021-07-06 05:44:42',1,68,6),(81,'2021-05-27 05:44:49','2021-05-27 05:44:49','2021-05-27 05:44:42','2021-07-06 05:44:42',0,23,7),(82,'2021-05-27 05:44:49','2021-05-27 05:44:49','2021-05-27 05:44:42','2021-07-06 05:44:42',0,59,1),(83,'2021-05-27 05:44:49','2021-05-27 05:44:49','2021-05-27 05:44:42','2021-07-06 05:44:42',1,47,2),(84,'2021-05-27 05:44:49','2021-05-27 05:44:49','2021-05-27 05:44:42','2021-07-06 05:44:42',0,79,8),(85,'2021-05-27 05:44:49','2021-05-27 05:44:49','2021-05-27 05:44:42','2021-07-06 05:44:42',1,31,5),(86,'2021-05-27 05:44:49','2021-05-27 05:44:49','2021-05-27 05:44:42','2021-07-06 05:44:42',1,9,2),(87,'2021-05-27 05:44:49','2021-05-27 05:44:49','2021-05-27 05:44:42','2021-07-06 05:44:42',1,37,4),(88,'2021-05-27 05:44:49','2021-05-27 05:44:49','2021-05-27 05:44:42','2021-07-06 05:44:42',0,66,10),(89,'2021-05-27 05:44:49','2021-05-27 05:44:49','2021-05-27 05:44:42','2021-07-06 05:44:42',1,73,7),(90,'2021-05-27 05:44:49','2021-05-27 05:44:49','2021-05-27 05:44:42','2021-07-06 05:44:42',1,87,10),(91,'2021-05-27 05:44:49','2021-05-27 05:44:49','2021-05-27 05:44:42','2021-07-06 05:44:42',1,98,4),(92,'2021-05-27 05:44:49','2021-05-27 05:44:49','2021-05-27 05:44:42','2021-07-06 05:44:42',1,73,8),(93,'2021-05-27 05:44:49','2021-05-27 05:44:49','2021-05-27 05:44:42','2021-07-06 05:44:42',1,50,8),(94,'2021-05-27 05:44:49','2021-05-27 05:44:49','2021-05-27 05:44:42','2021-07-06 05:44:42',1,85,10),(95,'2021-05-27 05:44:49','2021-05-27 05:44:49','2021-05-27 05:44:42','2021-07-06 05:44:42',1,78,8),(96,'2021-05-27 05:44:50','2021-05-27 05:44:50','2021-05-27 05:44:42','2021-07-06 05:44:42',1,22,6),(97,'2021-05-27 05:44:50','2021-05-27 05:44:50','2021-05-27 05:44:42','2021-07-06 05:44:42',1,64,5),(98,'2021-05-27 05:44:50','2021-05-27 05:44:50','2021-05-27 05:44:42','2021-07-06 05:44:42',0,59,9),(99,'2021-05-27 05:44:50','2021-05-27 05:44:50','2021-05-27 05:44:42','2021-07-06 05:44:42',0,76,1),(100,'2021-05-27 05:44:50','2021-05-27 05:44:50','2021-05-27 05:44:42','2021-07-06 05:44:42',1,52,1);
/*!40000 ALTER TABLE `bookings` ENABLE KEYS */;
UNLOCK TABLES;

--
-- Table structure for table `failed_jobs`
--

DROP TABLE IF EXISTS `failed_jobs`;
/*!40101 SET @saved_cs_client     = @@character_set_client */;
/*!40101 SET character_set_client = utf8 */;
CREATE TABLE `failed_jobs` (
  `id` bigint(20) unsigned NOT NULL AUTO_INCREMENT,
  `uuid` varchar(255) COLLATE utf8mb4_unicode_ci NOT NULL,
  `connection` text COLLATE utf8mb4_unicode_ci NOT NULL,
  `queue` text COLLATE utf8mb4_unicode_ci NOT NULL,
  `payload` longtext COLLATE utf8mb4_unicode_ci NOT NULL,
  `exception` longtext COLLATE utf8mb4_unicode_ci NOT NULL,
  `failed_at` timestamp NOT NULL DEFAULT current_timestamp(),
  PRIMARY KEY (`id`),
  UNIQUE KEY `failed_jobs_uuid_unique` (`uuid`)
) ENGINE=InnoDB DEFAULT CHARSET=utf8mb4 COLLATE=utf8mb4_unicode_ci;
/*!40101 SET character_set_client = @saved_cs_client */;

--
-- Dumping data for table `failed_jobs`
--

LOCK TABLES `failed_jobs` WRITE;
/*!40000 ALTER TABLE `failed_jobs` DISABLE KEYS */;
/*!40000 ALTER TABLE `failed_jobs` ENABLE KEYS */;
UNLOCK TABLES;

--
-- Table structure for table `houses`
--

DROP TABLE IF EXISTS `houses`;
/*!40101 SET @saved_cs_client     = @@character_set_client */;
/*!40101 SET character_set_client = utf8 */;
CREATE TABLE `houses` (
  `id` bigint(20) unsigned NOT NULL AUTO_INCREMENT,
  `created_at` timestamp NULL DEFAULT NULL,
  `updated_at` timestamp NULL DEFAULT NULL,
  `title` varchar(255) COLLATE utf8mb4_unicode_ci NOT NULL,
  `description` varchar(255) COLLATE utf8mb4_unicode_ci NOT NULL,
  `house_number` varchar(255) COLLATE utf8mb4_unicode_ci NOT NULL,
  `booked` tinyint(1) NOT NULL,
  `bedrooms` varchar(255) COLLATE utf8mb4_unicode_ci NOT NULL,
  `rent` double NOT NULL,
  `phase` varchar(255) COLLATE utf8mb4_unicode_ci NOT NULL,
  `photo1` varchar(255) COLLATE utf8mb4_unicode_ci DEFAULT NULL,
  `photo2` varchar(255) COLLATE utf8mb4_unicode_ci DEFAULT NULL,
  `photo3` varchar(255) COLLATE utf8mb4_unicode_ci DEFAULT NULL,
  PRIMARY KEY (`id`)
) ENGINE=InnoDB AUTO_INCREMENT=101 DEFAULT CHARSET=utf8mb4 COLLATE=utf8mb4_unicode_ci;
/*!40101 SET character_set_client = @saved_cs_client */;

--
-- Dumping data for table `houses`
--

LOCK TABLES `houses` WRITE;
/*!40000 ALTER TABLE `houses` DISABLE KEYS */;
INSERT INTO `houses` VALUES (1,'2021-05-27 05:44:32','2021-05-27 06:11:36','Spcious 3 bedroom house','Possimus ut et aliquam omnis rem.','A0',0,'3',1000,'II',NULL,NULL,NULL),(2,'2021-05-27 05:44:32','2021-05-27 05:44:32','Spcious 4 bedroom house','Officia molestias reprehenderit autem iusto.','A1',0,'4',1000,'II',NULL,NULL,NULL),(3,'2021-05-27 05:44:32','2021-05-27 05:44:32','Elegant 1 bedroom house','Itaque vitae eaque fugiat asperiores.','A2',1,'1',1000,'I',NULL,NULL,NULL),(4,'2021-05-27 05:44:32','2021-05-27 05:44:32','Cosy 3 bedroom house','Corrupti corrupti illo nihil rerum est quia.','A3',0,'3',24398.134009085,'II',NULL,NULL,NULL),(5,'2021-05-27 05:44:32','2021-05-27 05:44:32','Elegant 3 bedroom house','Quis nostrum rerum est voluptatem.','A4',1,'3',4498.3239592474,'II',NULL,NULL,NULL),(6,'2021-05-27 05:44:32','2021-05-27 05:44:32','Cosy 4 bedroom house','Consequatur mollitia nobis praesentium quod.','A5',0,'4',6206830.496583,'III',NULL,NULL,NULL),(7,'2021-05-27 05:44:32','2021-05-27 05:44:32','Cosy 4 bedroom house','Laudantium atque ullam aut doloribus sapiente laudantium quia.','A6',1,'4',562343.45053726,'II',NULL,NULL,NULL),(8,'2021-05-27 05:44:33','2021-05-27 05:44:33','Spcious 4 bedroom house','Labore veritatis nam velit assumenda amet vel placeat.','A7',1,'4',1000,'III',NULL,NULL,NULL),(9,'2021-05-27 05:44:33','2021-05-27 05:44:33','Cosy 3 bedroom house','Aut libero et accusantium quos molestiae tempore.','A8',1,'3',12314.127708702,'II',NULL,NULL,NULL),(10,'2021-05-27 05:44:33','2021-05-27 05:44:33','Elegant 2 bedroom house','Adipisci sunt aut non libero tenetur vitae aut cumque.','A9',1,'2',67689.375519899,'II',NULL,NULL,NULL),(11,'2021-05-27 05:44:33','2021-05-27 05:44:33','Cosy 2 bedroom house','Ut sint ab minus dolores.','B0',1,'2',16276088.867632,'III',NULL,NULL,NULL),(12,'2021-05-27 05:44:33','2021-05-27 05:44:33','Elegant 3 bedroom house','Beatae et a cum cupiditate.','B1',1,'3',1000,'III',NULL,NULL,NULL),(13,'2021-05-27 05:44:33','2021-05-27 05:44:33','Cosy 1 bedroom house','Vel sit eum incidunt cumque ipsum.','B2',1,'1',2583178.2235754,'II',NULL,NULL,NULL),(14,'2021-05-27 05:44:33','2021-05-27 05:44:33','Elegant 1 bedroom house','Quisquam soluta quam et saepe error quos et itaque.','B3',0,'1',1146.1446258114,'II',NULL,NULL,NULL),(15,'2021-05-27 05:44:33','2021-05-27 05:44:33','Spcious 4 bedroom house','Quaerat laudantium sed qui nobis incidunt rerum.','B4',1,'4',1283.160534958,'II',NULL,NULL,NULL),(16,'2021-05-27 05:44:33','2021-05-27 05:44:33','Elegant 1 bedroom house','Sit odio vitae optio delectus exercitationem.','B5',1,'1',1000,'II',NULL,NULL,NULL),(17,'2021-05-27 05:44:33','2021-05-27 05:44:33','Elegant 2 bedroom house','Qui qui expedita dolor.','B6',1,'2',1000,'III',NULL,NULL,NULL),(18,'2021-05-27 05:44:33','2021-05-27 05:44:33','Spcious 2 bedroom house','Consequuntur accusantium assumenda magni delectus aliquid tempore repudiandae.','B7',0,'2',141553724.47749,'II',NULL,NULL,NULL),(19,'2021-05-27 05:44:33','2021-05-27 05:44:33','Spcious 3 bedroom house','Cum amet et eum dolores.','B8',1,'3',1491.0927096806,'III',NULL,NULL,NULL),(20,'2021-05-27 05:44:33','2021-05-27 05:44:33','Cosy 4 bedroom house','Fugiat magni hic nisi est sed ipsa qui.','B9',0,'4',214509.10310322,'III',NULL,NULL,NULL),(21,'2021-05-27 05:44:33','2021-05-27 05:44:33','Cosy 1 bedroom house','Iure ullam enim deleniti ab architecto sit eveniet aliquam.','C0',0,'1',1000,'II',NULL,NULL,NULL),(22,'2021-05-27 05:44:33','2021-05-27 05:44:33','Cosy 4 bedroom house','Alias dolor dolorem et autem voluptatem assumenda natus.','C1',0,'4',423720300.53521,'III',NULL,NULL,NULL),(23,'2021-05-27 05:44:33','2021-05-27 05:44:33','Elegant 4 bedroom house','Nam et temporibus dolorum culpa cum ex.','C2',1,'4',162381.43694405,'II',NULL,NULL,NULL),(24,'2021-05-27 05:44:33','2021-05-27 05:44:33','Cosy 3 bedroom house','Porro minima unde assumenda magnam at et accusamus numquam.','C3',0,'3',455584.94158234,'III',NULL,NULL,NULL),(25,'2021-05-27 05:44:33','2021-05-27 05:44:33','Cosy 3 bedroom house','Ut dolores tempora quo.','C4',0,'3',64204.451986591,'II',NULL,NULL,NULL),(26,'2021-05-27 05:44:33','2021-05-27 05:44:33','Elegant 4 bedroom house','Atque omnis ut voluptatibus eaque necessitatibus dolor fugit.','C5',0,'4',5314.8895596084,'II',NULL,NULL,NULL),(27,'2021-05-27 05:44:33','2021-05-27 05:44:33','Elegant 4 bedroom house','Facere incidunt eum commodi mollitia qui ipsum quia eum.','C6',0,'4',17748.104005942,'II',NULL,NULL,NULL),(28,'2021-05-27 05:44:33','2021-05-27 05:44:33','Cosy 1 bedroom house','Odio qui quo mollitia est sit qui asperiores.','C7',1,'1',1000,'III',NULL,NULL,NULL),(29,'2021-05-27 05:44:33','2021-05-27 05:44:33','Elegant 3 bedroom house','Dignissimos aut rerum veniam ipsum et excepturi.','C8',0,'3',1000,'III',NULL,NULL,NULL),(30,'2021-05-27 05:44:33','2021-05-27 05:44:33','Elegant 4 bedroom house','Et mollitia quis sit.','C9',0,'4',1000,'III',NULL,NULL,NULL),(31,'2021-05-27 05:44:33','2021-05-27 05:44:33','Elegant 4 bedroom house','Asperiores repudiandae distinctio inventore magni.','D0',1,'4',1244614.4690808,'II',NULL,NULL,NULL),(32,'2021-05-27 05:44:33','2021-05-27 05:44:33','Cosy 3 bedroom house','Numquam laboriosam iure magni saepe et.','D1',0,'3',1000,'II',NULL,NULL,NULL),(33,'2021-05-27 05:44:34','2021-05-27 05:44:34','Elegant 3 bedroom house','Nihil est reprehenderit quo illum aut possimus eaque.','D2',1,'3',1000,'III',NULL,NULL,NULL),(34,'2021-05-27 05:44:34','2021-05-27 05:44:34','Elegant 1 bedroom house','Molestias voluptatem sit illo.','D3',1,'1',239006.07621493,'II',NULL,NULL,NULL),(35,'2021-05-27 05:44:34','2021-05-27 05:44:34','Elegant 1 bedroom house','Ipsum itaque dolor consequuntur.','D4',1,'1',1000,'II',NULL,NULL,NULL),(36,'2021-05-27 05:44:34','2021-05-27 05:44:34','Elegant 3 bedroom house','Voluptatem eos atque qui amet.','D5',1,'3',1000,'II',NULL,NULL,NULL),(37,'2021-05-27 05:44:34','2021-05-27 05:44:34','Cosy 1 bedroom house','Quos et impedit omnis voluptatibus.','D6',0,'1',2315.6129227679,'I',NULL,NULL,NULL),(38,'2021-05-27 05:44:34','2021-05-27 05:44:34','Spcious 2 bedroom house','Omnis dignissimos recusandae aperiam odio autem.','D7',1,'2',377026578.46766,'III',NULL,NULL,NULL),(39,'2021-05-27 05:44:34','2021-05-27 05:44:34','Spcious 4 bedroom house','Rerum quasi non ipsum quia.','D8',0,'4',1000,'III',NULL,NULL,NULL),(40,'2021-05-27 05:44:34','2021-05-27 05:44:34','Elegant 2 bedroom house','Tempora optio in itaque sit earum laboriosam.','D9',1,'2',1000,'III',NULL,NULL,NULL),(41,'2021-05-27 05:44:34','2021-05-27 05:44:34','Cosy 2 bedroom house','Amet minima officiis optio consequatur facilis.','E0',0,'2',1000,'I',NULL,NULL,NULL),(42,'2021-05-27 05:44:34','2021-05-27 05:44:34','Cosy 3 bedroom house','Quis hic quia consequatur quisquam perspiciatis.','E1',1,'3',723529.5866655,'II',NULL,NULL,NULL),(43,'2021-05-27 05:44:34','2021-05-27 05:44:34','Elegant 2 bedroom house','Nisi amet nam ut.','E2',1,'2',11596.725155321,'II',NULL,NULL,NULL),(44,'2021-05-27 05:44:34','2021-05-27 05:44:34','Cosy 2 bedroom house','Quasi quis tempore commodi commodi optio asperiores est.','E3',0,'2',1000,'III',NULL,NULL,NULL),(45,'2021-05-27 05:44:34','2021-05-27 05:44:34','Elegant 4 bedroom house','Repellendus totam alias minima sed.','E4',0,'4',1239505.9084969,'II',NULL,NULL,NULL),(46,'2021-05-27 05:44:34','2021-05-27 05:44:34','Spcious 1 bedroom house','Consequatur mollitia omnis id vel.','E5',0,'1',25471004.391552,'I',NULL,NULL,NULL),(47,'2021-05-27 05:44:34','2021-05-27 05:44:34','Elegant 4 bedroom house','Sit facere at sunt cumque.','E6',1,'4',1000,'I',NULL,NULL,NULL),(48,'2021-05-27 05:44:34','2021-05-27 05:44:34','Spcious 2 bedroom house','Omnis ut fugiat ex aperiam laborum magni minima.','E7',1,'2',20616558.75138,'I',NULL,NULL,NULL),(49,'2021-05-27 05:44:34','2021-05-27 05:44:34','Elegant 1 bedroom house','Voluptatibus unde non doloribus qui.','E8',1,'1',4336.8613371332,'III',NULL,NULL,NULL),(50,'2021-05-27 05:44:35','2021-05-27 05:44:35','Elegant 4 bedroom house','Minus aliquid est ut quos doloremque.','E9',1,'4',4112.5241566871,'III',NULL,NULL,NULL),(51,'2021-05-27 05:44:35','2021-05-27 05:44:35','Cosy 2 bedroom house','Impedit ex totam delectus qui tempore nobis sit.','F0',1,'2',242191.07744683,'I',NULL,NULL,NULL),(52,'2021-05-27 05:44:35','2021-05-27 05:44:35','Elegant 1 bedroom house','Qui qui iste placeat aliquid laboriosam quidem deleniti.','F1',1,'1',154317.62740745,'II',NULL,NULL,NULL),(53,'2021-05-27 05:44:35','2021-05-27 05:44:35','Elegant 4 bedroom house','Consectetur illo omnis aut dicta laboriosam impedit praesentium.','F2',0,'4',32529281.007984,'II',NULL,NULL,NULL),(54,'2021-05-27 05:44:35','2021-05-27 05:44:35','Cosy 2 bedroom house','Aspernatur facere beatae alias molestiae quo ut eum laudantium.','F3',0,'2',3140951.712844,'I',NULL,NULL,NULL),(55,'2021-05-27 05:44:35','2021-05-27 05:44:35','Cosy 3 bedroom house','Deserunt ipsam et voluptate enim repudiandae.','F4',1,'3',7312.3098499022,'II',NULL,NULL,NULL),(56,'2021-05-27 05:44:35','2021-05-27 05:44:35','Spcious 4 bedroom house','Dolor est neque eligendi sed voluptatem aspernatur odio.','F5',0,'4',1014213.7316092,'III',NULL,NULL,NULL),(57,'2021-05-27 05:44:35','2021-05-27 05:44:35','Cosy 1 bedroom house','Expedita sit explicabo sit labore quo.','F6',1,'1',4767525.7565516,'III',NULL,NULL,NULL),(58,'2021-05-27 05:44:35','2021-05-27 05:44:35','Cosy 2 bedroom house','Voluptas hic rerum possimus aut fugiat harum nostrum.','F7',1,'2',1000,'I',NULL,NULL,NULL),(59,'2021-05-27 05:44:35','2021-05-27 05:44:35','Elegant 1 bedroom house','Pariatur quae nulla totam suscipit fugit.','F8',0,'1',6972.6633268989,'II',NULL,NULL,NULL),(60,'2021-05-27 05:44:35','2021-05-27 05:44:35','Cosy 3 bedroom house','Quia architecto consequatur ipsum enim iste et.','F9',0,'3',1000,'I',NULL,NULL,NULL),(61,'2021-05-27 05:44:35','2021-05-27 05:44:35','Cosy 4 bedroom house','Numquam nam assumenda dolor dolorem consequuntur minus tenetur sit.','G0',1,'4',1000,'II',NULL,NULL,NULL),(62,'2021-05-27 05:44:35','2021-05-27 05:44:35','Spcious 4 bedroom house','Dolorem ut consectetur minus quia animi.','G1',1,'4',1000,'II',NULL,NULL,NULL),(63,'2021-05-27 05:44:35','2021-05-27 05:44:35','Cosy 4 bedroom house','Consequatur est expedita voluptate et atque doloribus.','G2',0,'4',28247556.131973,'I',NULL,NULL,NULL),(64,'2021-05-27 05:44:35','2021-05-27 05:44:35','Spcious 1 bedroom house','Occaecati qui est rerum.','G3',1,'1',1000,'III',NULL,NULL,NULL),(65,'2021-05-27 05:44:35','2021-05-27 05:44:35','Cosy 3 bedroom house','Et omnis molestias modi perferendis dolores nihil a totam.','G4',0,'3',191563.96355317,'I',NULL,NULL,NULL),(66,'2021-05-27 05:44:36','2021-05-27 05:44:36','Cosy 4 bedroom house','Eligendi excepturi et porro vitae et et officia nihil.','G5',0,'4',1000,'II',NULL,NULL,NULL),(67,'2021-05-27 05:44:36','2021-05-27 05:44:36','Spcious 1 bedroom house','Nam nemo similique fuga voluptates.','G6',0,'1',1000,'III',NULL,NULL,NULL),(68,'2021-05-27 05:44:36','2021-05-27 05:44:36','Elegant 3 bedroom house','Et suscipit ab sint iste autem velit dolorum.','G7',0,'3',26289834.792635,'III',NULL,NULL,NULL),(69,'2021-05-27 05:44:36','2021-05-27 05:44:36','Elegant 4 bedroom house','Est est molestias ipsa.','G8',1,'4',4471.5002799861,'II',NULL,NULL,NULL),(70,'2021-05-27 05:44:36','2021-05-27 05:44:36','Elegant 2 bedroom house','Illo sit sapiente praesentium.','G9',0,'2',484650.94037885,'I',NULL,NULL,NULL),(71,'2021-05-27 05:44:36','2021-05-27 05:44:36','Spcious 1 bedroom house','Ab eos dolorum cumque explicabo commodi quisquam.','H0',0,'1',28754.155751728,'II',NULL,NULL,NULL),(72,'2021-05-27 05:44:36','2021-05-27 05:44:36','Cosy 1 bedroom house','Odit ratione ut sunt enim quia quo sit.','H1',1,'1',1000,'III',NULL,NULL,NULL),(73,'2021-05-27 05:44:36','2021-05-27 05:44:36','Cosy 3 bedroom house','Ipsum aut exercitationem dolore natus sequi laudantium porro.','H2',0,'3',1000,'I',NULL,NULL,NULL),(74,'2021-05-27 05:44:36','2021-05-27 05:44:36','Cosy 1 bedroom house','Voluptatibus ad reprehenderit non nihil.','H3',1,'1',598305.88998732,'III',NULL,NULL,NULL),(75,'2021-05-27 05:44:36','2021-05-27 05:44:36','Spcious 4 bedroom house','Esse harum itaque voluptates nemo magnam.','H4',1,'4',10748586.437481,'II',NULL,NULL,NULL),(76,'2021-05-27 05:44:36','2021-05-27 05:44:36','Cosy 3 bedroom house','Odio natus nulla est ut voluptatem nesciunt in.','H5',0,'3',5012208.4569062,'I',NULL,NULL,NULL),(77,'2021-05-27 05:44:36','2021-05-27 05:44:36','Spcious 4 bedroom house','Fugit vitae voluptatum accusamus illo enim consequuntur dolores.','H6',0,'4',1000,'II',NULL,NULL,NULL),(78,'2021-05-27 05:44:36','2021-05-27 05:44:36','Cosy 4 bedroom house','Est aut et ex excepturi asperiores necessitatibus.','H7',1,'4',757235203.70373,'II',NULL,NULL,NULL),(79,'2021-05-27 05:44:36','2021-05-27 05:44:36','Cosy 4 bedroom house','Velit consequatur et voluptatem maiores.','H8',0,'4',2602700.3532458,'I',NULL,NULL,NULL),(80,'2021-05-27 05:44:36','2021-05-27 05:44:36','Cosy 1 bedroom house','Recusandae atque rem nulla cumque sequi.','H9',1,'1',1000,'I',NULL,NULL,NULL),(81,'2021-05-27 05:44:36','2021-05-27 05:44:36','Cosy 1 bedroom house','Eum qui nobis ut excepturi eveniet quae alias omnis.','I0',1,'1',1266525.2378952,'I',NULL,NULL,NULL),(82,'2021-05-27 05:44:36','2021-05-27 05:44:36','Spcious 3 bedroom house','Aut alias quia totam ratione aut sed nihil.','I1',1,'3',1000,'II',NULL,NULL,NULL),(83,'2021-05-27 05:44:36','2021-05-27 05:44:36','Cosy 1 bedroom house','Consequatur sed nesciunt est tempora ut pariatur tempore placeat.','I2',0,'1',13460.520651914,'II',NULL,NULL,NULL),(84,'2021-05-27 05:44:36','2021-05-27 05:44:36','Elegant 4 bedroom house','Qui doloremque eaque nihil repellat architecto.','I3',1,'4',1000,'III',NULL,NULL,NULL),(85,'2021-05-27 05:44:36','2021-05-27 05:44:36','Spcious 1 bedroom house','Sapiente rem ea adipisci perferendis ut inventore.','I4',1,'1',428104.6050302,'II',NULL,NULL,NULL),(86,'2021-05-27 05:44:36','2021-05-27 05:44:36','Spcious 2 bedroom house','Explicabo consequatur et officia animi quia rem.','I5',1,'2',808634584.28055,'III',NULL,NULL,NULL),(87,'2021-05-27 05:44:36','2021-05-27 05:44:36','Elegant 2 bedroom house','Totam sunt dolorem non et quia.','I6',1,'2',2419661.4458425,'II',NULL,NULL,NULL),(88,'2021-05-27 05:44:36','2021-05-27 05:44:36','Spcious 4 bedroom house','Odit asperiores sed delectus qui eius.','I7',0,'4',36261323.439404,'II',NULL,NULL,NULL),(89,'2021-05-27 05:44:36','2021-05-27 05:44:36','Spcious 3 bedroom house','Et iusto omnis harum est autem.','I8',1,'3',7791.4088236352,'I',NULL,NULL,NULL),(90,'2021-05-27 05:44:36','2021-05-27 05:44:36','Spcious 1 bedroom house','Modi inventore a officia unde et rerum.','I9',1,'1',1000,'II',NULL,NULL,NULL),(91,'2021-05-27 05:44:37','2021-05-27 05:44:37','Elegant 2 bedroom house','Voluptatem est deserunt tempora voluptate aut quia.','J0',1,'2',1000,'III',NULL,NULL,NULL),(92,'2021-05-27 05:44:37','2021-05-27 05:44:37','Spcious 2 bedroom house','Voluptatem esse quas sit nemo quibusdam et.','J1',1,'2',1000,'I',NULL,NULL,NULL),(93,'2021-05-27 05:44:37','2021-05-27 05:44:37','Cosy 2 bedroom house','Inventore maiores laudantium sit sed sapiente ea dicta commodi.','J2',1,'2',1000,'I',NULL,NULL,NULL),(94,'2021-05-27 05:44:37','2021-05-27 05:44:37','Cosy 2 bedroom house','Aliquam harum ab est.','J3',1,'2',16282.992611801,'III',NULL,NULL,NULL),(95,'2021-05-27 05:44:37','2021-05-27 05:44:37','Spcious 4 bedroom house','Quam earum dicta similique ad omnis.','J4',1,'4',1000,'III',NULL,NULL,NULL),(96,'2021-05-27 05:44:37','2021-05-27 05:44:37','Elegant 2 bedroom house','Voluptate omnis amet excepturi consectetur asperiores.','J5',1,'2',1000,'II',NULL,NULL,NULL),(97,'2021-05-27 05:44:37','2021-05-27 05:44:37','Cosy 4 bedroom house','Omnis quod cupiditate non in et est.','J6',0,'4',1000,'I',NULL,NULL,NULL),(98,'2021-05-27 05:44:37','2021-05-27 05:44:37','Cosy 1 bedroom house','Vero aut veritatis non.','J7',1,'1',1000,'I',NULL,NULL,NULL),(99,'2021-05-27 05:44:37','2021-05-27 05:44:37','Elegant 3 bedroom house','Quisquam fugit id est.','J8',1,'3',20409.722265386,'II',NULL,NULL,NULL),(100,'2021-05-27 05:44:37','2021-05-27 05:44:37','Spcious 3 bedroom house','Qui neque quia quae nostrum ratione voluptatem.','J9',0,'3',21671107.149306,'III',NULL,NULL,NULL);
/*!40000 ALTER TABLE `houses` ENABLE KEYS */;
UNLOCK TABLES;

--
-- Table structure for table `messages`
--

DROP TABLE IF EXISTS `messages`;
/*!40101 SET @saved_cs_client     = @@character_set_client */;
/*!40101 SET character_set_client = utf8 */;
CREATE TABLE `messages` (
  `id` bigint(20) unsigned NOT NULL AUTO_INCREMENT,
  `created_at` timestamp NULL DEFAULT NULL,
  `updated_at` timestamp NULL DEFAULT NULL,
  `text` varchar(5000) COLLATE utf8mb4_unicode_ci NOT NULL,
  PRIMARY KEY (`id`)
) ENGINE=InnoDB AUTO_INCREMENT=21 DEFAULT CHARSET=utf8mb4 COLLATE=utf8mb4_unicode_ci;
/*!40101 SET character_set_client = @saved_cs_client */;

--
-- Dumping data for table `messages`
--

LOCK TABLES `messages` WRITE;
/*!40000 ALTER TABLE `messages` DISABLE KEYS */;
INSERT INTO `messages` VALUES (1,'2021-05-27 05:45:04','2021-05-27 05:45:04','Beatae nihil aspernatur reprehenderit voluptas suscipit enim. Qui aut voluptatem dolorum facilis exercitationem nihil officiis. Soluta explicabo ab rem et. Quidem voluptate architecto et mollitia quidem alias. Est molestias omnis ut cumque omnis neque. Et et facilis expedita consequatur est ullam. Distinctio aut dicta eveniet. Qui ducimus ut neque sapiente. Officia voluptas earum magnam impedit non.'),(2,'2021-05-27 05:45:04','2021-05-27 05:45:04','Corporis dolor sit laudantium architecto pariatur ut. Accusantium cum odio ullam aspernatur accusamus veritatis magni. Omnis sint facere sint fugiat quo enim. Facere recusandae recusandae quis. Voluptatibus dicta autem commodi non. Adipisci vero beatae earum odit vel consectetur. Dolorem sed ducimus explicabo eum alias. Id tenetur harum adipisci ut. Accusantium sit modi sed velit a aperiam maxime qui. Voluptate eum consequuntur reprehenderit dolore.'),(3,'2021-05-27 05:45:04','2021-05-27 05:45:04','Debitis maiores officia quisquam. Eum aut expedita consectetur ut occaecati quibusdam tempora. In aperiam et expedita velit consectetur qui. Occaecati autem necessitatibus nihil quo incidunt. Temporibus exercitationem inventore et sit dolore amet suscipit. Sit praesentium quam dolor. Porro debitis temporibus ut ea. Sed porro minima vero quia aut voluptatem quisquam. Enim odit corporis aliquam quo reiciendis aut. Consequatur eum commodi qui. Esse est quod occaecati aperiam.'),(4,'2021-05-27 05:45:04','2021-05-27 05:45:04','Velit aliquid quis voluptate. Facilis reprehenderit aut natus et id. Delectus debitis quidem impedit doloribus aut aut ducimus reiciendis. Dolor praesentium consequatur voluptatibus dolorem aperiam quae. Non eligendi ab enim omnis praesentium iste qui. Et eos ex odit deserunt eum. Dolor ipsam explicabo nesciunt voluptatibus ducimus. Totam fugit quidem error eligendi saepe recusandae. Assumenda voluptatibus rerum dicta et tenetur consequatur quidem. Sunt qui voluptatibus eaque quam provident. Quos ea ad fugit libero saepe architecto modi quae. Consequuntur enim et cupiditate accusantium quidem accusantium veniam.'),(5,'2021-05-27 05:45:04','2021-05-27 05:45:04','Quia rerum ipsa eos pariatur voluptatum ipsa. Inventore qui rerum rerum nemo. Maiores nihil perferendis omnis est quas voluptate dolor. Doloribus consequatur quod est asperiores quia. Aut nihil ipsam quo nihil. Aperiam voluptas sed reprehenderit architecto sunt expedita vero cum. Vitae minima architecto ipsa ut minus voluptates quas. Sed cum consequatur sint animi reiciendis. Et cumque quo cumque et enim expedita voluptas perferendis. Deserunt dolorem hic qui quos iste molestiae debitis assumenda. Eum temporibus voluptatum veniam consequatur.'),(6,'2021-05-27 05:45:04','2021-05-27 05:45:04','Blanditiis voluptatem quas quidem id quibusdam quam. Distinctio voluptatum unde sed error sunt. Sed animi modi vero sunt enim sit dignissimos. Dicta perspiciatis fugit saepe qui cum ipsam. Qui facere unde iure quam eius. Eveniet assumenda veniam quis. Quibusdam officiis est nesciunt voluptas magnam beatae vero. Qui non suscipit nulla fugit. Aut esse saepe quia dolores.'),(7,'2021-05-27 05:45:04','2021-05-27 05:45:04','Repellat quis enim esse voluptatibus nostrum. Ex temporibus veritatis quaerat. Ullam sequi commodi quisquam quas ad autem illum. Voluptas vero deserunt neque officia itaque atque dolore atque. Rerum minima eaque modi quaerat enim. Aut error rerum veritatis consequuntur eos molestiae in. Voluptatibus nam ut eius laudantium omnis omnis necessitatibus. Animi expedita et veniam ut cum iure. Perspiciatis aut veritatis recusandae illo iste reiciendis nesciunt. Eos excepturi possimus quod non qui qui eos. Omnis maxime maiores rerum temporibus similique consequatur labore. Nostrum dolore sequi soluta reiciendis inventore enim odio. Expedita eos voluptatem delectus soluta dolorem.'),(8,'2021-05-27 05:45:04','2021-05-27 05:45:04','Non tempora unde qui repellendus magnam voluptatibus eius. Ipsam delectus nemo occaecati omnis hic. Possimus sint provident nostrum deserunt et. Et pariatur sunt accusamus ullam praesentium. Sit necessitatibus rem laborum repellat ut. Animi quae dolor amet nihil. Aut labore occaecati ab itaque. Nemo error vel est eos temporibus sit laborum.'),(9,'2021-05-27 05:45:04','2021-05-27 05:45:04','Nihil perspiciatis eum a veritatis eos. Quidem eaque ea dolores aut sunt ut. Error quidem quidem voluptatem consequuntur earum. Suscipit commodi error ratione aperiam atque laboriosam soluta. Atque suscipit sit et. Ut nisi architecto qui eaque fugit asperiores sit. Incidunt et rerum est veritatis blanditiis voluptates.'),(10,'2021-05-27 05:45:04','2021-05-27 05:45:04','Sunt deleniti tempora eos eveniet accusamus vel ea. Dolorem qui sunt et fugiat dolores. Accusantium tenetur voluptas ut earum eius optio eius. Recusandae enim ipsum unde et impedit repellendus perspiciatis. Deserunt vel voluptas laborum fuga velit veniam. Consectetur ad et qui aperiam aut. Maiores ipsa rem cupiditate necessitatibus totam. Vel officia animi magnam atque culpa ea sunt. Facere nobis quasi et optio. Voluptatem excepturi deleniti provident non et. Nam praesentium ut quaerat voluptas. Explicabo tempore vel omnis aut provident eos repellendus inventore. Blanditiis aliquid sint dolorem.'),(11,'2021-05-27 05:45:04','2021-05-27 05:45:04','Eaque iste illo deserunt sunt omnis. Aspernatur voluptatem laudantium suscipit sed veritatis. Dicta suscipit molestias optio et consequuntur non. Voluptatem similique distinctio eveniet enim. Suscipit quia a dolore veritatis. Debitis occaecati eaque optio doloribus nulla sequi. Officiis quis et suscipit ex excepturi dolorum dignissimos qui. Voluptatibus quia praesentium consequatur velit optio reiciendis est. Veritatis rerum maiores esse aperiam molestiae nemo.'),(12,'2021-05-27 05:45:04','2021-05-27 05:45:04','Est sed optio eum sequi accusantium. Rerum sapiente quo in impedit placeat fugit cum. Doloremque nostrum explicabo eos et dolorem ea. Et recusandae sunt esse ducimus vel sunt qui. Eum corrupti labore suscipit aut aliquam. Distinctio id et nihil velit corrupti. Vitae tempora sed quam iusto labore numquam et. Id dolor nobis molestiae. Quam voluptate dolores asperiores quas. Et quam magnam pariatur quaerat. Adipisci asperiores dicta debitis voluptatem.'),(13,'2021-05-27 05:45:04','2021-05-27 05:45:04','Magnam enim deleniti reprehenderit dolorem dignissimos dolor asperiores beatae. Consequatur enim expedita ut voluptatem dolore et. Sit quibusdam et qui natus. Praesentium temporibus tenetur itaque veniam. Laboriosam placeat dolorem quia maiores labore. Similique est est maxime eveniet. Quo aut debitis consequuntur aperiam rerum. Omnis est ratione iusto optio et. Deserunt ipsa temporibus ipsam quam.'),(14,'2021-05-27 05:45:04','2021-05-27 05:45:04','Aspernatur doloremque odit nostrum dolores veritatis molestias quia est. Omnis eum asperiores qui. Occaecati sed eum sunt voluptatum quam reiciendis excepturi. Dolores soluta nostrum ut iusto optio velit aspernatur ea. Et soluta rerum saepe impedit est voluptatem et id. Occaecati itaque sunt et dicta corrupti repellat explicabo. Maiores optio quo sequi ipsum. Quod tempore fugit corrupti culpa qui iusto. Tempore consequatur veritatis deleniti aliquam tempora voluptatibus. Consequuntur voluptatum ipsam nostrum velit est dolores ipsam. Alias ut quibusdam ea porro a. Doloremque autem quaerat omnis omnis voluptatem cupiditate quaerat. Quis quis iste quo qui molestiae sunt id hic. Aut molestias id est voluptate libero amet.'),(15,'2021-05-27 05:45:04','2021-05-27 05:45:04','Aut incidunt amet hic et minus. Neque maiores sed rerum voluptas. Vel minus tenetur velit minima debitis qui qui. Ut neque sit voluptas est. Vel quis enim ut consectetur omnis quibusdam sequi. Rerum eaque omnis beatae vel totam non est. Officiis quo exercitationem doloremque minima non ea. Suscipit quidem qui cumque sit sunt vel non. Excepturi sunt sit fugiat. Quos dolores sunt cupiditate voluptas sunt possimus.'),(16,'2021-05-27 05:45:05','2021-05-27 05:45:05','Et a et ea dicta alias. Eaque reiciendis saepe exercitationem culpa itaque magnam. Repudiandae autem rerum odit qui delectus quos. Doloribus dolore in ratione incidunt. Dolorum fugiat error itaque. Quidem quidem reprehenderit et non inventore eius quidem. Sapiente perspiciatis odio porro ut sint occaecati esse. Dolor dolores sed amet. Sequi iste est odio. Occaecati et et iusto voluptas consectetur voluptates ut. Rerum sint eum recusandae consectetur doloremque nemo. Architecto quia ab aperiam eligendi eius. Qui et adipisci voluptas modi. Et sit praesentium sint commodi.'),(17,'2021-05-27 05:45:05','2021-05-27 05:45:05','Consectetur reprehenderit ut repudiandae sapiente. Dolorem ut magnam tempora magnam eum facere in aut. Consectetur nam dolorum quod quas fugiat reiciendis. Quo dolor quis distinctio rem est sapiente dolor quia. Enim autem incidunt omnis cupiditate qui. Consectetur ut ab eum nihil dolores incidunt. Velit officiis quia voluptatem voluptatem itaque natus ut ullam. Fugiat architecto sint eum et architecto dolorum. Rerum quae at necessitatibus voluptatem quis officia. Deserunt eaque error odio rerum cupiditate rerum. Vitae ipsa voluptatibus pariatur perspiciatis aut aperiam. Explicabo debitis aut aut ab aliquid fugiat.'),(18,'2021-05-27 05:45:05','2021-05-27 05:45:05','In repellendus dolores aliquam dolor qui minus. Assumenda aspernatur velit officia. Quo ullam autem vel at neque fugit fuga. Similique nihil et totam sunt et. Voluptas voluptatibus sapiente veritatis ullam aspernatur tempora fugit. Ad molestias sequi aut cumque est sunt. Velit libero placeat quod consequatur in nostrum omnis.'),(19,'2021-05-27 05:45:05','2021-05-27 05:45:05','Molestiae quasi eos aliquam rem in error. Id ex ullam quod in provident repellendus ratione aspernatur. Qui qui repellat id corrupti. Ut esse omnis sit consequatur tenetur maiores. Eius et dolorem sint id corporis. Eius fugit ipsum repellat et voluptatem provident tempora. Qui qui laborum enim mollitia et et et sit. Qui consequatur cumque aut occaecati aliquid. Magnam quam minima quia et. Dolores autem omnis ea aperiam. Dolorem corporis possimus et voluptate omnis officia quia. Atque minima accusamus qui ut est eos magni. Et numquam corrupti quibusdam omnis quos. Velit quo voluptatem consequatur ut ut.'),(20,'2021-05-27 05:45:05','2021-05-27 05:45:05','Dicta debitis vitae consequatur aliquam ab est. Laboriosam odio iste quae. Soluta nobis possimus qui sapiente dolor perferendis. Quos molestias tempora qui velit esse. Autem eos ut quis possimus eos quidem eos est. Enim reiciendis ut omnis nisi provident. Sed aspernatur sit et tempora molestias repellat id.');
/*!40000 ALTER TABLE `messages` ENABLE KEYS */;
UNLOCK TABLES;

--
-- Table structure for table `migrations`
--

DROP TABLE IF EXISTS `migrations`;
/*!40101 SET @saved_cs_client     = @@character_set_client */;
/*!40101 SET character_set_client = utf8 */;
CREATE TABLE `migrations` (
  `id` int(10) unsigned NOT NULL AUTO_INCREMENT,
  `migration` varchar(255) COLLATE utf8mb4_unicode_ci NOT NULL,
  `batch` int(11) NOT NULL,
  PRIMARY KEY (`id`)
) ENGINE=InnoDB AUTO_INCREMENT=8 DEFAULT CHARSET=utf8mb4 COLLATE=utf8mb4_unicode_ci;
/*!40101 SET character_set_client = @saved_cs_client */;

--
-- Dumping data for table `migrations`
--

LOCK TABLES `migrations` WRITE;
/*!40000 ALTER TABLE `migrations` DISABLE KEYS */;
INSERT INTO `migrations` VALUES (1,'2019_08_19_000000_create_failed_jobs_table',1),(2,'2020_04_01_191052_create_tenants_table',1),(3,'2021_04_01_191053_create_houses_table',2),(4,'2021_05_02_125124_create_messages_table',2),(5,'2020_04_01_191158_create_tenancies_table',3),(6,'2020_04_01_191209_create_bookings_table',3),(7,'2020_04_01_191222_create_payments_table',4);
/*!40000 ALTER TABLE `migrations` ENABLE KEYS */;
UNLOCK TABLES;

--
-- Table structure for table `payments`
--

DROP TABLE IF EXISTS `payments`;
/*!40101 SET @saved_cs_client     = @@character_set_client */;
/*!40101 SET character_set_client = utf8 */;
CREATE TABLE `payments` (
  `id` bigint(20) unsigned NOT NULL AUTO_INCREMENT,
  `created_at` timestamp NULL DEFAULT NULL,
  `updated_at` timestamp NULL DEFAULT NULL,
  `date` timestamp NOT NULL DEFAULT '2021-05-27 05:42:08',
  `for_month` timestamp NOT NULL DEFAULT '2021-05-27 05:42:08',
  `amount` double NOT NULL,
  `purpose` varchar(255) COLLATE utf8mb4_unicode_ci NOT NULL,
  `tenancy_id` bigint(20) unsigned NOT NULL,
  `booking_id` bigint(20) unsigned NOT NULL,
  `tenant_id` bigint(20) unsigned NOT NULL,
  PRIMARY KEY (`id`),
  KEY `payments_tenancy_id_foreign` (`tenancy_id`),
  KEY `payments_booking_id_foreign` (`booking_id`),
  KEY `payments_tenant_id_foreign` (`tenant_id`),
  CONSTRAINT `payments_booking_id_foreign` FOREIGN KEY (`booking_id`) REFERENCES `bookings` (`id`) ON DELETE CASCADE,
  CONSTRAINT `payments_tenancy_id_foreign` FOREIGN KEY (`tenancy_id`) REFERENCES `tenancies` (`id`) ON DELETE CASCADE,
  CONSTRAINT `payments_tenant_id_foreign` FOREIGN KEY (`tenant_id`) REFERENCES `tenants` (`id`) ON DELETE CASCADE
) ENGINE=InnoDB AUTO_INCREMENT=201 DEFAULT CHARSET=utf8mb4 COLLATE=utf8mb4_unicode_ci;
/*!40101 SET character_set_client = @saved_cs_client */;

--
-- Dumping data for table `payments`
--

LOCK TABLES `payments` WRITE;
/*!40000 ALTER TABLE `payments` DISABLE KEYS */;
INSERT INTO `payments` VALUES (1,'2021-05-27 05:44:50','2021-05-27 05:44:50','2013-12-09 12:40:22','2020-11-11 01:12:21',37601.52,'rent',1,66,10),(2,'2021-05-27 05:44:50','2021-05-27 05:44:50','2003-09-30 23:41:32','2012-09-23 14:39:12',469613.86,'booking',18,61,9),(3,'2021-05-27 05:44:50','2021-05-27 05:44:50','2021-01-31 06:55:55','2021-05-27 13:38:05',1000,'contribution',27,90,9),(4,'2021-05-27 05:44:50','2021-05-27 05:44:50','2021-04-18 07:48:08','2021-08-11 15:56:37',80684.79,'contribution',100,58,1),(5,'2021-05-27 05:44:50','2021-05-27 05:44:50','1981-03-05 07:23:20','1999-05-06 17:02:30',1000,'contribution',95,17,10),(6,'2021-05-27 05:44:50','2021-05-27 05:44:50','1994-01-08 16:47:53','1997-06-23 04:28:38',72615.51,'contribution',71,17,9),(7,'2021-05-27 05:44:50','2021-05-27 05:44:50','1994-06-22 23:26:50','2008-03-30 07:40:45',51390.63,'booking',76,17,6),(8,'2021-05-27 05:44:50','2021-05-27 05:44:50','1976-08-05 03:14:32','1980-12-24 16:01:16',1000,'rent',17,55,4),(9,'2021-05-27 05:44:50','2021-05-27 05:44:50','1998-02-22 13:24:39','2021-02-14 21:23:48',50257.03,'contribution',27,25,5),(10,'2021-05-27 05:44:50','2021-05-27 05:44:50','2008-05-10 09:15:58','2021-07-09 09:06:41',41200585.66,'contribution',51,74,6),(11,'2021-05-27 05:44:50','2021-05-27 05:44:50','1982-01-21 17:00:05','1991-09-28 01:16:02',1000,'contribution',67,87,7),(12,'2021-05-27 05:44:50','2021-05-27 05:44:50','2006-01-27 06:05:54','2014-10-24 10:47:39',33295.75,'booking',95,98,9),(13,'2021-05-27 05:44:50','2021-05-27 05:44:50','2015-01-17 14:02:43','2017-10-18 09:45:19',295189.31,'booking',13,47,6),(14,'2021-05-27 05:44:50','2021-05-27 05:44:50','1975-09-26 09:13:15','1983-12-01 09:48:15',298769.14,'rent',26,52,10),(15,'2021-05-27 05:44:50','2021-05-27 05:44:50','1995-11-20 02:08:55','2000-12-12 02:06:19',35721.26,'rent',62,23,9),(16,'2021-05-27 05:44:51','2021-05-27 05:44:51','1986-05-19 11:11:32','1998-03-08 20:37:46',1000,'contribution',33,21,7),(17,'2021-05-27 05:44:51','2021-05-27 05:44:51','1982-04-10 16:25:52','2004-08-17 19:35:45',576744188.7,'contribution',83,23,10),(18,'2021-05-27 05:44:51','2021-05-27 05:44:51','1976-03-26 14:39:28','2000-11-16 15:01:45',1000,'contribution',74,53,5),(19,'2021-05-27 05:44:51','2021-05-27 05:44:51','1976-09-20 19:36:04','2014-05-25 19:01:53',1000,'rent',16,64,1),(20,'2021-05-27 05:44:51','2021-05-27 05:44:51','1989-05-04 10:40:10','1991-05-02 16:39:21',118317.79,'contribution',58,96,8),(21,'2021-05-27 05:44:51','2021-05-27 05:44:51','2020-06-19 05:51:36','2020-11-07 19:44:22',1000,'contribution',69,52,3),(22,'2021-05-27 05:44:51','2021-05-27 05:44:51','1996-08-29 11:12:01','2017-06-04 11:26:55',394202.57,'booking',27,83,6),(23,'2021-05-27 05:44:51','2021-05-27 05:44:51','2016-11-20 09:57:19','2017-07-18 07:49:03',1000,'booking',29,93,10),(24,'2021-05-27 05:44:51','2021-05-27 05:44:51','2002-03-15 12:46:11','2017-06-18 10:04:16',1000,'contribution',27,63,9),(25,'2021-05-27 05:44:51','2021-05-27 05:44:51','1994-07-15 06:16:26','2011-01-04 13:01:18',1115.06,'rent',100,58,9),(26,'2021-05-27 05:44:51','2021-05-27 05:44:51','2005-04-27 14:58:53','2012-12-12 03:19:36',1000,'rent',18,28,10),(27,'2021-05-27 05:44:51','2021-05-27 05:44:51','2002-01-04 03:28:03','2017-11-08 05:14:59',46415.61,'contribution',58,8,10),(28,'2021-05-27 05:44:51','2021-05-27 05:44:51','2016-05-03 23:02:36','2021-08-03 15:50:45',1000,'contribution',61,29,10),(29,'2021-05-27 05:44:51','2021-05-27 05:44:51','2016-06-13 09:43:25','2018-06-19 12:01:02',24593.26,'rent',6,69,7),(30,'2021-05-27 05:44:51','2021-05-27 05:44:51','1971-05-30 08:31:43','1997-11-13 14:49:58',3918285.56,'contribution',64,38,7),(31,'2021-05-27 05:44:51','2021-05-27 05:44:51','1985-07-24 01:41:17','2004-08-06 05:32:42',1000,'booking',29,54,5),(32,'2021-05-27 05:44:51','2021-05-27 05:44:51','1970-01-10 18:05:45','1991-03-28 13:30:21',1000,'contribution',100,85,6),(33,'2021-05-27 05:44:52','2021-05-27 05:44:52','1993-11-28 20:11:24','2013-02-26 15:48:13',452266.77,'booking',3,79,2),(34,'2021-05-27 05:44:52','2021-05-27 05:44:52','1986-06-28 01:29:31','1999-01-23 15:23:39',1000,'booking',23,70,6),(35,'2021-05-27 05:44:52','2021-05-27 05:44:52','2007-07-23 09:51:08','2014-10-23 22:35:07',1000,'rent',40,15,2),(36,'2021-05-27 05:44:52','2021-05-27 05:44:52','1992-12-11 16:18:12','1999-07-14 17:42:17',9771123.15,'rent',21,31,3),(37,'2021-05-27 05:44:52','2021-05-27 05:44:52','2000-12-18 02:11:26','2007-01-11 16:57:22',135988.08,'rent',37,40,7),(38,'2021-05-27 05:44:52','2021-05-27 05:44:52','1971-09-27 09:47:31','1972-05-25 20:29:59',39753.07,'booking',12,8,4),(39,'2021-05-27 05:44:52','2021-05-27 05:44:52','1984-07-06 06:35:14','2000-06-16 18:05:33',359388.38,'rent',28,40,3),(40,'2021-05-27 05:44:52','2021-05-27 05:44:52','1996-04-24 04:48:59','2009-08-03 07:21:11',3017.66,'rent',31,52,10),(41,'2021-05-27 05:44:52','2021-05-27 05:44:52','2008-10-24 05:00:15','2013-02-26 14:18:14',2659.34,'contribution',5,31,10),(42,'2021-05-27 05:44:52','2021-05-27 05:44:52','1982-03-07 02:59:59','2021-07-14 16:41:32',3215.39,'contribution',28,9,8),(43,'2021-05-27 05:44:52','2021-05-27 05:44:52','1997-01-09 02:03:33','2003-07-03 21:45:45',1409.37,'booking',2,7,4),(44,'2021-05-27 05:44:52','2021-05-27 05:44:52','2019-09-22 20:31:38','2019-10-25 07:08:39',6042737.55,'contribution',26,54,2),(45,'2021-05-27 05:44:52','2021-05-27 05:44:52','1989-03-08 14:19:21','1995-09-15 02:15:35',12430.52,'rent',34,20,10),(46,'2021-05-27 05:44:52','2021-05-27 05:44:52','1996-01-25 00:36:34','1997-02-24 10:50:18',156686.8,'booking',64,25,1),(47,'2021-05-27 05:44:52','2021-05-27 05:44:52','2012-04-17 13:36:45','2013-07-08 05:58:38',1591006.71,'rent',66,70,3),(48,'2021-05-27 05:44:52','2021-05-27 05:44:52','1977-09-09 10:41:46','2012-04-19 20:16:39',38728171.03,'booking',63,64,1),(49,'2021-05-27 05:44:52','2021-05-27 05:44:52','2004-12-20 21:57:46','2006-12-22 11:35:41',566595281.64,'rent',17,34,8),(50,'2021-05-27 05:44:52','2021-05-27 05:44:52','1978-03-28 00:53:45','1999-03-16 07:59:23',1000,'rent',96,95,4),(51,'2021-05-27 05:44:52','2021-05-27 05:44:52','1981-05-04 04:20:37','1981-08-13 00:06:34',5207.58,'contribution',39,62,2),(52,'2021-05-27 05:44:52','2021-05-27 05:44:52','1980-04-18 18:36:44','1997-07-20 19:38:11',22480.84,'rent',68,39,6),(53,'2021-05-27 05:44:52','2021-05-27 05:44:52','1974-03-13 10:57:12','2017-05-23 06:32:20',543156.66,'contribution',37,97,1),(54,'2021-05-27 05:44:52','2021-05-27 05:44:52','2011-09-14 17:09:09','2018-09-04 00:35:19',2652.09,'contribution',60,72,10),(55,'2021-05-27 05:44:53','2021-05-27 05:44:53','2020-09-15 07:59:55','2021-06-12 01:40:19',17682.96,'rent',98,33,8),(56,'2021-05-27 05:44:53','2021-05-27 05:44:53','2016-09-17 15:14:40','2017-06-27 03:14:49',1217.07,'contribution',96,88,10),(57,'2021-05-27 05:44:53','2021-05-27 05:44:53','1983-11-22 21:55:50','2017-08-05 21:14:08',504739.16,'contribution',82,10,9),(58,'2021-05-27 05:44:53','2021-05-27 05:44:53','1987-03-17 08:11:41','2001-11-18 13:34:24',1000,'contribution',65,82,2),(59,'2021-05-27 05:44:53','2021-05-27 05:44:53','2019-01-09 11:31:22','2020-05-26 11:15:15',1000,'booking',15,14,4),(60,'2021-05-27 05:44:53','2021-05-27 05:44:53','1992-07-04 23:40:05','2015-08-07 02:58:31',1000,'contribution',1,73,10),(61,'2021-05-27 05:44:53','2021-05-27 05:44:53','1989-11-06 00:45:57','2016-03-27 00:33:07',5380.8,'booking',6,61,4),(62,'2021-05-27 05:44:53','2021-05-27 05:44:53','2006-04-18 02:23:58','2008-12-07 06:01:51',1548.37,'contribution',4,12,3),(63,'2021-05-27 05:44:53','2021-05-27 05:44:53','1998-01-14 04:03:15','2001-06-27 00:20:05',41997177.54,'booking',93,30,3),(64,'2021-05-27 05:44:53','2021-05-27 05:44:53','2010-07-10 06:40:51','2018-12-11 21:46:19',6093938.48,'contribution',11,98,6),(65,'2021-05-27 05:44:53','2021-05-27 05:44:53','2000-10-15 16:34:40','2020-10-06 10:16:11',78400.77,'rent',78,36,5),(66,'2021-05-27 05:44:53','2021-05-27 05:44:53','2003-11-21 22:46:37','2011-07-16 22:25:17',45342564.86,'rent',44,54,4),(67,'2021-05-27 05:44:53','2021-05-27 05:44:53','1974-11-25 08:40:58','2005-12-03 15:07:39',492160.54,'booking',2,20,10),(68,'2021-05-27 05:44:53','2021-05-27 05:44:53','2010-03-14 03:15:07','2012-09-28 06:46:12',56518.85,'rent',37,43,8),(69,'2021-05-27 05:44:53','2021-05-27 05:44:53','1981-03-24 02:41:37','1981-09-30 17:20:46',1000,'rent',17,55,4),(70,'2021-05-27 05:44:53','2021-05-27 05:44:53','1984-01-31 17:29:08','2009-07-07 05:47:38',543995.06,'contribution',92,80,7),(71,'2021-05-27 05:44:53','2021-05-27 05:44:53','2016-07-26 01:28:26','2021-01-05 07:52:46',2008.48,'contribution',48,34,1),(72,'2021-05-27 05:44:53','2021-05-27 05:44:53','1994-06-21 09:07:30','2019-09-22 17:48:54',39635414.76,'contribution',69,93,2),(73,'2021-05-27 05:44:53','2021-05-27 05:44:53','1971-06-22 03:06:04','2008-02-29 09:33:57',2888.62,'booking',63,82,1),(74,'2021-05-27 05:44:53','2021-05-27 05:44:53','2009-10-16 00:31:15','2020-10-08 02:44:49',1000,'contribution',56,37,1),(75,'2021-05-27 05:44:53','2021-05-27 05:44:53','2017-09-10 03:52:33','2018-02-10 06:43:11',1212710.69,'booking',19,70,2),(76,'2021-05-27 05:44:53','2021-05-27 05:44:53','1971-09-24 02:10:47','2012-04-09 15:07:59',1000,'rent',67,44,6),(77,'2021-05-27 05:44:54','2021-05-27 05:44:54','2014-12-30 17:31:29','2020-10-21 17:15:24',1000,'contribution',72,37,2),(78,'2021-05-27 05:44:54','2021-05-27 05:44:54','2007-04-05 03:02:36','2012-03-05 16:31:18',1456.34,'rent',33,3,6),(79,'2021-05-27 05:44:54','2021-05-27 05:44:54','1981-10-16 19:10:49','1992-06-27 01:58:01',896142.17,'contribution',91,29,6),(80,'2021-05-27 05:44:54','2021-05-27 05:44:54','2002-03-03 08:30:58','2016-10-18 06:52:08',1000,'booking',54,81,5),(81,'2021-05-27 05:44:54','2021-05-27 05:44:54','1977-11-10 09:45:26','1987-04-03 13:49:16',244150286.43,'booking',74,29,9),(82,'2021-05-27 05:44:54','2021-05-27 05:44:54','1977-02-06 19:22:08','1992-05-09 15:38:51',5886.86,'booking',37,29,2),(83,'2021-05-27 05:44:54','2021-05-27 05:44:54','1976-07-01 19:42:08','1997-03-24 06:46:59',1061.69,'contribution',60,70,4),(84,'2021-05-27 05:44:54','2021-05-27 05:44:54','2005-10-16 21:54:33','2008-08-28 02:08:29',86522.1,'contribution',22,58,9),(85,'2021-05-27 05:44:54','2021-05-27 05:44:54','2010-09-06 04:28:48','2018-08-17 04:55:11',360703910.18,'booking',37,79,9),(86,'2021-05-27 05:44:54','2021-05-27 05:44:54','1993-06-13 06:08:59','2005-03-02 00:57:16',129525.36,'rent',24,11,6),(87,'2021-05-27 05:44:54','2021-05-27 05:44:54','1978-02-19 21:52:20','2002-04-05 00:04:16',1000,'contribution',14,81,9),(88,'2021-05-27 05:44:55','2021-05-27 05:44:55','1985-10-26 05:05:11','2009-06-02 22:45:20',4234430.15,'contribution',9,69,6),(89,'2021-05-27 05:44:55','2021-05-27 05:44:55','2018-06-02 06:59:22','2019-10-03 02:28:29',29313787.02,'rent',95,60,5),(90,'2021-05-27 05:44:55','2021-05-27 05:44:55','1987-09-17 03:50:01','1995-12-27 03:59:41',2495.02,'rent',70,44,3),(91,'2021-05-27 05:44:55','2021-05-27 05:44:55','1983-07-16 22:20:04','2002-08-08 19:11:10',184186814.58,'contribution',72,69,3),(92,'2021-05-27 05:44:55','2021-05-27 05:44:55','1976-07-10 22:16:42','2014-04-23 19:05:14',1000,'contribution',93,25,10),(93,'2021-05-27 05:44:55','2021-05-27 05:44:55','2001-12-30 14:23:10','2012-11-26 21:25:23',86371125.96,'booking',56,86,5),(94,'2021-05-27 05:44:55','2021-05-27 05:44:55','2007-03-16 15:04:10','2021-02-10 20:20:34',48957638.74,'contribution',42,90,9),(95,'2021-05-27 05:44:55','2021-05-27 05:44:55','1993-10-06 08:23:14','2010-01-31 08:15:30',5851.54,'contribution',36,3,7),(96,'2021-05-27 05:44:56','2021-05-27 05:44:56','2016-11-07 15:10:17','2019-10-06 07:08:36',56248548.9,'rent',28,16,4),(97,'2021-05-27 05:44:56','2021-05-27 05:44:56','2017-09-05 08:35:31','2019-04-28 22:04:26',1576.48,'booking',72,26,1),(98,'2021-05-27 05:44:56','2021-05-27 05:44:56','1994-03-05 09:03:33','2004-11-11 08:07:56',3390.87,'contribution',86,92,3),(99,'2021-05-27 05:44:56','2021-05-27 05:44:56','2009-08-03 05:47:54','2009-11-26 11:32:53',1000,'rent',23,23,2),(100,'2021-05-27 05:44:56','2021-05-27 05:44:56','2006-06-26 09:04:00','2020-06-30 02:51:08',1000,'booking',38,2,3),(101,'2021-05-27 05:44:57','2021-05-27 05:44:57','1999-07-09 06:57:45','2014-02-21 04:13:39',22665.5,'booking',39,59,7),(102,'2021-05-27 05:44:57','2021-05-27 05:44:57','2006-06-07 00:41:54','2008-03-18 18:36:12',340470.3,'contribution',8,52,8),(103,'2021-05-27 05:44:57','2021-05-27 05:44:57','2013-12-06 17:48:31','2014-08-16 13:07:44',1000,'contribution',99,61,2),(104,'2021-05-27 05:44:57','2021-05-27 05:44:57','1992-04-19 00:03:46','2007-12-30 21:24:20',2256,'contribution',53,92,8),(105,'2021-05-27 05:44:57','2021-05-27 05:44:57','2002-09-09 22:55:30','2005-07-29 20:04:28',1000,'booking',96,61,3),(106,'2021-05-27 05:44:57','2021-05-27 05:44:57','1979-11-16 21:13:04','2013-02-28 02:43:12',6852471.28,'contribution',55,54,6),(107,'2021-05-27 05:44:57','2021-05-27 05:44:57','2011-01-03 12:58:21','2018-01-06 12:29:44',1000,'contribution',44,15,2),(108,'2021-05-27 05:44:57','2021-05-27 05:44:57','1996-05-07 01:56:04','2005-02-28 11:45:34',17488.97,'rent',3,78,5),(109,'2021-05-27 05:44:58','2021-05-27 05:44:58','2017-03-03 09:44:41','2018-03-02 10:57:19',541383455.62,'booking',55,72,6),(110,'2021-05-27 05:44:58','2021-05-27 05:44:58','1996-11-24 16:57:33','2010-09-18 06:08:21',219547652.84,'rent',13,35,4),(111,'2021-05-27 05:44:58','2021-05-27 05:44:58','1972-05-25 02:48:23','2021-03-19 11:24:49',30899897.5,'rent',19,82,1),(112,'2021-05-27 05:44:58','2021-05-27 05:44:58','2016-09-07 05:19:10','2018-07-10 00:00:22',2307520.15,'booking',86,86,2),(113,'2021-05-27 05:44:58','2021-05-27 05:44:58','1974-02-04 01:13:32','1982-10-19 10:29:40',1000,'rent',18,9,6),(114,'2021-05-27 05:44:58','2021-05-27 05:44:58','1991-10-05 12:57:17','2013-08-27 07:46:00',3632777.91,'booking',78,82,7),(115,'2021-05-27 05:44:58','2021-05-27 05:44:58','2003-07-01 06:27:16','2005-12-01 08:37:48',1000,'rent',49,71,6),(116,'2021-05-27 05:44:58','2021-05-27 05:44:58','2016-11-13 09:05:55','2018-02-12 11:54:47',108161.07,'contribution',24,17,1),(117,'2021-05-27 05:44:58','2021-05-27 05:44:58','1973-03-13 06:41:49','1973-07-23 04:43:27',1000,'contribution',33,60,2),(118,'2021-05-27 05:44:58','2021-05-27 05:44:58','1973-01-13 13:25:30','2018-09-28 01:00:43',1000,'contribution',17,36,6),(119,'2021-05-27 05:44:58','2021-05-27 05:44:58','2020-03-29 12:26:54','2020-11-17 22:09:12',14351.43,'booking',96,95,10),(120,'2021-05-27 05:44:58','2021-05-27 05:44:58','2020-12-06 19:43:15','2021-03-20 13:25:47',1170245.87,'contribution',60,62,2),(121,'2021-05-27 05:44:58','2021-05-27 05:44:58','2001-04-15 19:31:16','2020-08-21 19:55:14',51150978.97,'booking',61,63,3),(122,'2021-05-27 05:44:58','2021-05-27 05:44:58','1973-12-26 04:27:21','2000-02-26 04:01:42',35681.11,'contribution',20,21,7),(123,'2021-05-27 05:44:58','2021-05-27 05:44:58','1992-01-08 07:17:37','2008-05-26 07:37:55',39496759.38,'contribution',42,97,7),(124,'2021-05-27 05:44:58','2021-05-27 05:44:58','1985-10-19 21:19:31','1997-11-23 23:51:12',1000,'rent',75,29,2),(125,'2021-05-27 05:44:58','2021-05-27 05:44:58','2011-04-13 16:54:10','2015-02-24 03:48:50',4643003.63,'rent',62,1,10),(126,'2021-05-27 05:44:58','2021-05-27 05:44:58','1984-03-18 11:59:47','1991-10-21 11:13:12',1000,'booking',76,21,5),(127,'2021-05-27 05:44:59','2021-05-27 05:44:59','2010-07-20 17:38:08','2015-10-14 12:21:15',817966.64,'booking',2,9,1),(128,'2021-05-27 05:44:59','2021-05-27 05:44:59','1972-02-12 04:48:34','1975-09-29 19:46:27',4345.28,'contribution',68,47,3),(129,'2021-05-27 05:44:59','2021-05-27 05:44:59','1983-02-20 07:03:26','2005-10-18 05:54:49',68000.52,'contribution',81,100,10),(130,'2021-05-27 05:44:59','2021-05-27 05:44:59','1995-02-07 04:56:54','2007-06-04 03:49:24',1000,'booking',56,52,5),(131,'2021-05-27 05:44:59','2021-05-27 05:44:59','1972-07-03 16:20:36','2002-03-26 23:48:50',1000,'booking',73,79,5),(132,'2021-05-27 05:44:59','2021-05-27 05:44:59','1998-08-28 21:22:35','2020-02-22 09:45:19',1000,'booking',34,73,10),(133,'2021-05-27 05:44:59','2021-05-27 05:44:59','2008-04-13 16:19:34','2008-11-26 06:01:48',1387.96,'contribution',60,81,3),(134,'2021-05-27 05:44:59','2021-05-27 05:44:59','1977-04-08 17:47:03','2013-11-11 10:38:47',69031.89,'booking',93,42,8),(135,'2021-05-27 05:45:00','2021-05-27 05:45:00','1994-12-04 15:35:42','2021-06-13 15:20:09',1000,'booking',15,13,6),(136,'2021-05-27 05:45:00','2021-05-27 05:45:00','2018-04-14 12:14:19','2021-05-14 09:14:52',84349286.99,'contribution',40,26,8),(137,'2021-05-27 05:45:00','2021-05-27 05:45:00','1987-01-06 03:25:22','1998-03-14 19:29:07',56007712.55,'contribution',93,83,7),(138,'2021-05-27 05:45:00','2021-05-27 05:45:00','2009-06-16 15:30:33','2013-10-15 22:02:02',526850.8,'contribution',28,22,4),(139,'2021-05-27 05:45:00','2021-05-27 05:45:00','2009-06-25 15:06:32','2012-03-12 10:32:09',1000,'contribution',79,82,8),(140,'2021-05-27 05:45:00','2021-05-27 05:45:00','1983-07-15 17:00:43','2011-07-21 14:02:02',473166867.59,'booking',88,65,9),(141,'2021-05-27 05:45:00','2021-05-27 05:45:00','1999-04-26 14:29:16','2016-11-17 04:51:00',5639076.97,'contribution',95,77,9),(142,'2021-05-27 05:45:00','2021-05-27 05:45:00','2007-12-29 05:04:38','2008-12-03 07:59:06',219075.03,'booking',49,38,6),(143,'2021-05-27 05:45:00','2021-05-27 05:45:00','1998-01-17 04:29:25','2021-06-06 03:36:00',328825.08,'contribution',89,8,10),(144,'2021-05-27 05:45:01','2021-05-27 05:45:01','2017-11-06 06:49:42','2019-10-18 15:02:29',1000,'rent',98,57,9),(145,'2021-05-27 05:45:01','2021-05-27 05:45:01','2011-10-18 09:22:23','2020-08-09 07:04:45',4198.43,'rent',27,1,5),(146,'2021-05-27 05:45:01','2021-05-27 05:45:01','2013-02-11 06:38:25','2017-03-27 08:32:20',4199730.16,'rent',20,72,2),(147,'2021-05-27 05:45:01','2021-05-27 05:45:01','2020-06-16 07:52:46','2021-08-11 08:32:09',38581.52,'rent',48,40,8),(148,'2021-05-27 05:45:01','2021-05-27 05:45:01','2018-07-17 12:43:22','2020-04-12 23:27:59',1426233.48,'rent',77,29,9),(149,'2021-05-27 05:45:01','2021-05-27 05:45:01','1994-04-07 15:20:21','2006-01-10 08:02:48',1110.58,'booking',27,70,9),(150,'2021-05-27 05:45:01','2021-05-27 05:45:01','2005-06-23 16:31:33','2019-01-27 02:22:04',1964474.38,'booking',61,79,1),(151,'2021-05-27 05:45:01','2021-05-27 05:45:01','2018-08-12 08:13:31','2019-11-11 13:24:30',1000,'contribution',14,46,9),(152,'2021-05-27 05:45:01','2021-05-27 05:45:01','1980-10-29 19:37:37','1985-11-17 21:57:03',4695.67,'rent',35,80,8),(153,'2021-05-27 05:45:01','2021-05-27 05:45:01','1988-12-16 15:11:53','2005-08-29 16:05:44',359855.94,'contribution',50,41,6),(154,'2021-05-27 05:45:01','2021-05-27 05:45:01','2000-05-17 10:46:57','2011-11-25 19:05:32',2012022.56,'rent',54,13,1),(155,'2021-05-27 05:45:01','2021-05-27 05:45:01','1992-03-10 22:13:58','1993-03-06 23:47:55',6163047.31,'rent',60,47,3),(156,'2021-05-27 05:45:01','2021-05-27 05:45:01','2015-12-12 15:37:05','2018-09-11 05:53:25',23043414.4,'rent',12,56,7),(157,'2021-05-27 05:45:01','2021-05-27 05:45:01','2004-11-16 18:17:11','2018-03-24 18:58:50',1000,'contribution',2,19,9),(158,'2021-05-27 05:45:01','2021-05-27 05:45:01','1987-01-27 11:03:31','2018-12-16 00:56:15',5441445.92,'rent',89,44,10),(159,'2021-05-27 05:45:01','2021-05-27 05:45:01','2008-01-14 05:44:50','2019-05-22 07:29:59',269776315.17,'rent',41,9,6),(160,'2021-05-27 05:45:01','2021-05-27 05:45:01','1991-05-22 19:10:20','2013-10-26 02:45:46',4465065.19,'rent',86,14,10),(161,'2021-05-27 05:45:01','2021-05-27 05:45:01','1990-11-10 21:01:33','1993-05-07 17:28:08',1000,'contribution',72,69,6),(162,'2021-05-27 05:45:01','2021-05-27 05:45:01','2012-04-18 02:37:07','2013-11-20 19:57:05',4669.91,'booking',52,4,7),(163,'2021-05-27 05:45:02','2021-05-27 05:45:02','2007-10-06 14:41:47','2014-11-03 10:52:41',324696.11,'contribution',83,37,8),(164,'2021-05-27 05:45:02','2021-05-27 05:45:02','1989-12-02 07:15:58','1993-01-07 21:58:55',1000,'contribution',61,34,8),(165,'2021-05-27 05:45:02','2021-05-27 05:45:02','2008-09-13 02:53:03','2010-07-23 23:24:08',1000,'contribution',77,17,7),(166,'2021-05-27 05:45:02','2021-05-27 05:45:02','1972-11-06 06:47:37','2017-12-17 09:02:01',5729632.96,'booking',43,21,5),(167,'2021-05-27 05:45:02','2021-05-27 05:45:02','1971-10-14 12:54:53','2017-04-19 06:36:05',2253137.35,'booking',97,35,4),(168,'2021-05-27 05:45:02','2021-05-27 05:45:02','1993-09-22 23:10:54','2012-10-21 18:02:00',1000,'rent',19,86,3),(169,'2021-05-27 05:45:02','2021-05-27 05:45:02','1993-01-02 04:43:06','2005-08-05 22:29:09',1000,'booking',69,28,9),(170,'2021-05-27 05:45:02','2021-05-27 05:45:02','1972-02-04 12:05:02','1987-07-19 15:46:03',64495846.21,'rent',26,87,3),(171,'2021-05-27 05:45:02','2021-05-27 05:45:02','2009-09-16 23:43:59','2019-12-30 01:46:36',235769768.72,'rent',92,63,10),(172,'2021-05-27 05:45:02','2021-05-27 05:45:02','2014-04-11 14:20:39','2021-08-11 19:53:23',1000,'rent',13,71,8),(173,'2021-05-27 05:45:02','2021-05-27 05:45:02','1998-11-23 21:21:27','2009-01-09 13:32:33',1000,'booking',52,7,10),(174,'2021-05-27 05:45:03','2021-05-27 05:45:03','2009-01-04 16:10:15','2011-03-22 11:58:22',4088882.33,'booking',42,55,3),(175,'2021-05-27 05:45:03','2021-05-27 05:45:03','1972-04-29 12:52:31','1990-05-14 14:51:53',1000,'booking',19,71,4),(176,'2021-05-27 05:45:03','2021-05-27 05:45:03','1999-08-09 07:53:11','2005-12-23 17:36:22',1000,'contribution',80,35,8),(177,'2021-05-27 05:45:03','2021-05-27 05:45:03','1982-08-31 09:21:12','1988-07-28 22:26:34',8776.35,'booking',34,99,9),(178,'2021-05-27 05:45:03','2021-05-27 05:45:03','2009-12-26 12:54:57','2014-10-25 08:48:56',6347.85,'contribution',89,4,7),(179,'2021-05-27 05:45:03','2021-05-27 05:45:03','1990-02-27 12:40:59','1998-01-12 16:48:27',781190.78,'booking',1,68,9),(180,'2021-05-27 05:45:03','2021-05-27 05:45:03','2016-02-03 16:55:26','2018-03-20 17:14:01',403992.08,'contribution',13,22,9),(181,'2021-05-27 05:45:03','2021-05-27 05:45:03','1983-07-07 00:13:43','1993-04-01 23:28:14',32572.65,'booking',45,23,5),(182,'2021-05-27 05:45:03','2021-05-27 05:45:03','1970-02-25 22:40:30','2001-02-08 05:47:16',94378036.67,'contribution',98,95,4),(183,'2021-05-27 05:45:03','2021-05-27 05:45:03','1986-12-26 06:58:04','1999-08-03 02:45:27',5228.52,'rent',36,66,6),(184,'2021-05-27 05:45:03','2021-05-27 05:45:03','1978-09-01 11:44:08','2009-10-11 09:30:18',1000,'booking',32,15,2),(185,'2021-05-27 05:45:03','2021-05-27 05:45:03','1989-04-22 02:36:34','2015-09-08 07:53:57',1000,'rent',78,90,7),(186,'2021-05-27 05:45:03','2021-05-27 05:45:03','2010-01-09 10:57:32','2017-10-25 14:24:14',66038341.72,'contribution',30,34,2),(187,'2021-05-27 05:45:03','2021-05-27 05:45:03','1974-07-21 06:14:35','1999-04-05 14:18:40',15901659.54,'contribution',81,23,1),(188,'2021-05-27 05:45:03','2021-05-27 05:45:03','2010-07-10 11:12:51','2015-07-16 02:30:24',15847138.41,'contribution',65,37,10),(189,'2021-05-27 05:45:03','2021-05-27 05:45:03','2010-10-02 11:54:29','2013-03-04 23:37:47',36867.61,'booking',26,85,9),(190,'2021-05-27 05:45:03','2021-05-27 05:45:03','1974-12-27 00:05:18','1976-03-17 23:14:06',4956948.58,'booking',7,14,7),(191,'2021-05-27 05:45:03','2021-05-27 05:45:03','1974-08-30 20:51:13','2018-06-29 23:58:45',1000,'rent',31,45,6),(192,'2021-05-27 05:45:03','2021-05-27 05:45:03','1998-01-17 13:43:22','2007-04-04 12:15:55',67114.03,'rent',94,59,1),(193,'2021-05-27 05:45:03','2021-05-27 05:45:03','2016-07-29 02:14:51','2021-04-02 16:49:37',4684390.43,'contribution',28,19,1),(194,'2021-05-27 05:45:03','2021-05-27 05:45:03','2004-04-08 07:35:48','2014-03-19 17:09:37',15449.73,'booking',15,72,2),(195,'2021-05-27 05:45:03','2021-05-27 05:45:03','1976-05-05 08:53:07','2004-11-27 23:13:20',3507687.99,'booking',56,41,3),(196,'2021-05-27 05:45:03','2021-05-27 05:45:03','1984-12-25 12:03:31','2007-08-11 06:37:20',1000,'rent',63,1,3),(197,'2021-05-27 05:45:03','2021-05-27 05:45:03','2009-08-02 11:30:06','2015-11-14 11:54:49',45344366.81,'booking',51,10,5),(198,'2021-05-27 05:45:03','2021-05-27 05:45:03','1973-02-07 15:49:44','1976-07-26 00:11:13',10376815.47,'contribution',63,86,10),(199,'2021-05-27 05:45:04','2021-05-27 05:45:04','1979-05-09 17:16:39','1988-08-11 17:28:11',45058146.82,'rent',30,41,3),(200,'2021-05-27 05:45:04','2021-05-27 05:45:04','1990-09-28 01:31:57','2016-05-31 06:09:24',1000,'booking',35,59,10);
/*!40000 ALTER TABLE `payments` ENABLE KEYS */;
UNLOCK TABLES;

--
-- Table structure for table `tenancies`
--

DROP TABLE IF EXISTS `tenancies`;
/*!40101 SET @saved_cs_client     = @@character_set_client */;
/*!40101 SET character_set_client = utf8 */;
CREATE TABLE `tenancies` (
  `id` bigint(20) unsigned NOT NULL AUTO_INCREMENT,
  `created_at` timestamp NULL DEFAULT NULL,
  `updated_at` timestamp NULL DEFAULT NULL,
  `start_date` timestamp NOT NULL DEFAULT '2021-05-27 05:41:54',
  `end_date` timestamp NOT NULL DEFAULT '2021-05-27 05:41:54',
  `expected_end_date` timestamp NOT NULL DEFAULT '2021-05-27 05:41:54',
  `house_id` bigint(20) unsigned NOT NULL,
  `tenant_id` bigint(20) unsigned NOT NULL,
  PRIMARY KEY (`id`),
  KEY `tenancies_house_id_foreign` (`house_id`),
  KEY `tenancies_tenant_id_foreign` (`tenant_id`),
  CONSTRAINT `tenancies_house_id_foreign` FOREIGN KEY (`house_id`) REFERENCES `houses` (`id`) ON DELETE CASCADE,
  CONSTRAINT `tenancies_tenant_id_foreign` FOREIGN KEY (`tenant_id`) REFERENCES `tenants` (`id`) ON DELETE CASCADE
) ENGINE=InnoDB AUTO_INCREMENT=101 DEFAULT CHARSET=utf8mb4 COLLATE=utf8mb4_unicode_ci;
/*!40101 SET character_set_client = @saved_cs_client */;

--
-- Dumping data for table `tenancies`
--

LOCK TABLES `tenancies` WRITE;
/*!40000 ALTER TABLE `tenancies` DISABLE KEYS */;
INSERT INTO `tenancies` VALUES (1,'2021-05-27 05:44:38','2021-05-27 05:44:38','2021-05-27 05:44:38','2021-07-06 05:44:38','2021-07-06 05:44:38',24,8),(2,'2021-05-27 05:44:38','2021-05-27 05:44:38','2021-05-27 05:44:38','2021-07-06 05:44:38','2021-07-06 05:44:38',27,8),(3,'2021-05-27 05:44:38','2021-05-27 05:44:38','2021-05-27 05:44:38','2021-07-06 05:44:38','2021-07-06 05:44:38',20,9),(4,'2021-05-27 05:44:38','2021-05-27 05:44:38','2021-05-27 05:44:38','2021-07-06 05:44:38','2021-07-06 05:44:38',29,10),(5,'2021-05-27 05:44:38','2021-05-27 05:44:38','2021-05-27 05:44:38','2021-07-06 05:44:38','2021-07-06 05:44:38',27,8),(6,'2021-05-27 05:44:38','2021-05-27 05:44:38','2021-05-27 05:44:38','2021-07-06 05:44:38','2021-07-06 05:44:38',69,6),(7,'2021-05-27 05:44:38','2021-05-27 05:44:38','2021-05-27 05:44:38','2021-07-06 05:44:38','2021-07-06 05:44:38',40,8),(8,'2021-05-27 05:44:38','2021-05-27 05:44:38','2021-05-27 05:44:38','2021-07-06 05:44:38','2021-07-06 05:44:38',34,7),(9,'2021-05-27 05:44:38','2021-05-27 05:44:38','2021-05-27 05:44:38','2021-07-06 05:44:38','2021-07-06 05:44:38',86,1),(10,'2021-05-27 05:44:38','2021-05-27 05:44:38','2021-05-27 05:44:38','2021-07-06 05:44:38','2021-07-06 05:44:38',65,4),(11,'2021-05-27 05:44:38','2021-05-27 05:44:38','2021-05-27 05:44:38','2021-07-06 05:44:38','2021-07-06 05:44:38',50,10),(12,'2021-05-27 05:44:38','2021-05-27 05:44:38','2021-05-27 05:44:38','2021-07-06 05:44:38','2021-07-06 05:44:38',85,4),(13,'2021-05-27 05:44:38','2021-05-27 05:44:38','2021-05-27 05:44:38','2021-07-06 05:44:38','2021-07-06 05:44:38',53,1),(14,'2021-05-27 05:44:38','2021-05-27 05:44:38','2021-05-27 05:44:38','2021-07-06 05:44:38','2021-07-06 05:44:38',8,9),(15,'2021-05-27 05:44:38','2021-05-27 05:44:38','2021-05-27 05:44:38','2021-07-06 05:44:38','2021-07-06 05:44:38',77,7),(16,'2021-05-27 05:44:38','2021-05-27 05:44:38','2021-05-27 05:44:38','2021-07-06 05:44:38','2021-07-06 05:44:38',65,3),(17,'2021-05-27 05:44:38','2021-05-27 05:44:38','2021-05-27 05:44:38','2021-07-06 05:44:38','2021-07-06 05:44:38',31,7),(18,'2021-05-27 05:44:38','2021-05-27 05:44:38','2021-05-27 05:44:38','2021-07-06 05:44:38','2021-07-06 05:44:38',1,4),(19,'2021-05-27 05:44:38','2021-05-27 05:44:38','2021-05-27 05:44:38','2021-07-06 05:44:38','2021-07-06 05:44:38',68,7),(20,'2021-05-27 05:44:38','2021-05-27 05:44:38','2021-05-27 05:44:38','2021-07-06 05:44:38','2021-07-06 05:44:38',77,10),(21,'2021-05-27 05:44:38','2021-05-27 05:44:38','2021-05-27 05:44:38','2021-07-06 05:44:38','2021-07-06 05:44:38',92,9),(22,'2021-05-27 05:44:38','2021-05-27 05:44:38','2021-05-27 05:44:38','2021-07-06 05:44:38','2021-07-06 05:44:38',5,1),(23,'2021-05-27 05:44:39','2021-05-27 05:44:39','2021-05-27 05:44:38','2021-07-06 05:44:38','2021-07-06 05:44:38',38,2),(24,'2021-05-27 05:44:39','2021-05-27 05:44:39','2021-05-27 05:44:38','2021-07-06 05:44:38','2021-07-06 05:44:38',91,8),(25,'2021-05-27 05:44:39','2021-05-27 05:44:39','2021-05-27 05:44:38','2021-07-06 05:44:38','2021-07-06 05:44:38',40,8),(26,'2021-05-27 05:44:39','2021-05-27 05:44:39','2021-05-27 05:44:38','2021-07-06 05:44:38','2021-07-06 05:44:38',40,3),(27,'2021-05-27 05:44:39','2021-05-27 05:44:39','2021-05-27 05:44:38','2021-07-06 05:44:38','2021-07-06 05:44:38',97,4),(28,'2021-05-27 05:44:39','2021-05-27 05:44:39','2021-05-27 05:44:38','2021-07-06 05:44:38','2021-07-06 05:44:38',55,8),(29,'2021-05-27 05:44:39','2021-05-27 05:44:39','2021-05-27 05:44:38','2021-07-06 05:44:38','2021-07-06 05:44:38',81,9),(30,'2021-05-27 05:44:39','2021-05-27 05:44:39','2021-05-27 05:44:38','2021-07-06 05:44:38','2021-07-06 05:44:38',27,8),(31,'2021-05-27 05:44:39','2021-05-27 05:44:39','2021-05-27 05:44:38','2021-07-06 05:44:38','2021-07-06 05:44:38',88,3),(32,'2021-05-27 05:44:39','2021-05-27 05:44:39','2021-05-27 05:44:38','2021-07-06 05:44:38','2021-07-06 05:44:38',71,7),(33,'2021-05-27 05:44:39','2021-05-27 05:44:39','2021-05-27 05:44:38','2021-07-06 05:44:38','2021-07-06 05:44:38',54,5),(34,'2021-05-27 05:44:39','2021-05-27 05:44:39','2021-05-27 05:44:38','2021-07-06 05:44:38','2021-07-06 05:44:38',63,7),(35,'2021-05-27 05:44:39','2021-05-27 05:44:39','2021-05-27 05:44:38','2021-07-06 05:44:38','2021-07-06 05:44:38',32,6),(36,'2021-05-27 05:44:39','2021-05-27 05:44:39','2021-05-27 05:44:38','2021-07-06 05:44:38','2021-07-06 05:44:38',63,9),(37,'2021-05-27 05:44:39','2021-05-27 05:44:39','2021-05-27 05:44:38','2021-07-06 05:44:38','2021-07-06 05:44:38',17,2),(38,'2021-05-27 05:44:39','2021-05-27 05:44:39','2021-05-27 05:44:38','2021-07-06 05:44:38','2021-07-06 05:44:38',18,9),(39,'2021-05-27 05:44:39','2021-05-27 05:44:39','2021-05-27 05:44:38','2021-07-06 05:44:38','2021-07-06 05:44:38',27,5),(40,'2021-05-27 05:44:39','2021-05-27 05:44:39','2021-05-27 05:44:38','2021-07-06 05:44:38','2021-07-06 05:44:38',63,6),(41,'2021-05-27 05:44:39','2021-05-27 05:44:39','2021-05-27 05:44:38','2021-07-06 05:44:38','2021-07-06 05:44:38',32,1),(42,'2021-05-27 05:44:39','2021-05-27 05:44:39','2021-05-27 05:44:38','2021-07-06 05:44:38','2021-07-06 05:44:38',7,7),(43,'2021-05-27 05:44:39','2021-05-27 05:44:39','2021-05-27 05:44:38','2021-07-06 05:44:38','2021-07-06 05:44:38',70,10),(44,'2021-05-27 05:44:39','2021-05-27 05:44:39','2021-05-27 05:44:38','2021-07-06 05:44:38','2021-07-06 05:44:38',59,2),(45,'2021-05-27 05:44:39','2021-05-27 05:44:39','2021-05-27 05:44:38','2021-07-06 05:44:38','2021-07-06 05:44:38',39,4),(46,'2021-05-27 05:44:40','2021-05-27 05:44:40','2021-05-27 05:44:38','2021-07-06 05:44:38','2021-07-06 05:44:38',63,3),(47,'2021-05-27 05:44:40','2021-05-27 05:44:40','2021-05-27 05:44:38','2021-07-06 05:44:38','2021-07-06 05:44:38',55,2),(48,'2021-05-27 05:44:40','2021-05-27 05:44:40','2021-05-27 05:44:38','2021-07-06 05:44:38','2021-07-06 05:44:38',72,10),(49,'2021-05-27 05:44:40','2021-05-27 05:44:40','2021-05-27 05:44:38','2021-07-06 05:44:38','2021-07-06 05:44:38',91,10),(50,'2021-05-27 05:44:40','2021-05-27 05:44:40','2021-05-27 05:44:38','2021-07-06 05:44:38','2021-07-06 05:44:38',73,7),(51,'2021-05-27 05:44:40','2021-05-27 05:44:40','2021-05-27 05:44:38','2021-07-06 05:44:38','2021-07-06 05:44:38',16,2),(52,'2021-05-27 05:44:40','2021-05-27 05:44:40','2021-05-27 05:44:38','2021-07-06 05:44:38','2021-07-06 05:44:38',49,8),(53,'2021-05-27 05:44:40','2021-05-27 05:44:40','2021-05-27 05:44:38','2021-07-06 05:44:38','2021-07-06 05:44:38',24,6),(54,'2021-05-27 05:44:40','2021-05-27 05:44:40','2021-05-27 05:44:38','2021-07-06 05:44:38','2021-07-06 05:44:38',86,1),(55,'2021-05-27 05:44:40','2021-05-27 05:44:40','2021-05-27 05:44:38','2021-07-06 05:44:38','2021-07-06 05:44:38',30,2),(56,'2021-05-27 05:44:40','2021-05-27 05:44:40','2021-05-27 05:44:38','2021-07-06 05:44:38','2021-07-06 05:44:38',71,10),(57,'2021-05-27 05:44:40','2021-05-27 05:44:40','2021-05-27 05:44:38','2021-07-06 05:44:38','2021-07-06 05:44:38',93,3),(58,'2021-05-27 05:44:40','2021-05-27 05:44:40','2021-05-27 05:44:38','2021-07-06 05:44:38','2021-07-06 05:44:38',48,6),(59,'2021-05-27 05:44:40','2021-05-27 05:44:40','2021-05-27 05:44:38','2021-07-06 05:44:38','2021-07-06 05:44:38',65,1),(60,'2021-05-27 05:44:40','2021-05-27 05:44:40','2021-05-27 05:44:38','2021-07-06 05:44:38','2021-07-06 05:44:38',37,6),(61,'2021-05-27 05:44:40','2021-05-27 05:44:40','2021-05-27 05:44:38','2021-07-06 05:44:38','2021-07-06 05:44:38',14,7),(62,'2021-05-27 05:44:40','2021-05-27 05:44:40','2021-05-27 05:44:38','2021-07-06 05:44:38','2021-07-06 05:44:38',95,4),(63,'2021-05-27 05:44:40','2021-05-27 05:44:40','2021-05-27 05:44:38','2021-07-06 05:44:38','2021-07-06 05:44:38',13,2),(64,'2021-05-27 05:44:40','2021-05-27 05:44:40','2021-05-27 05:44:38','2021-07-06 05:44:38','2021-07-06 05:44:38',83,4),(65,'2021-05-27 05:44:40','2021-05-27 05:44:40','2021-05-27 05:44:38','2021-07-06 05:44:38','2021-07-06 05:44:38',34,2),(66,'2021-05-27 05:44:40','2021-05-27 05:44:40','2021-05-27 05:44:38','2021-07-06 05:44:38','2021-07-06 05:44:38',92,1),(67,'2021-05-27 05:44:40','2021-05-27 05:44:40','2021-05-27 05:44:38','2021-07-06 05:44:38','2021-07-06 05:44:38',71,6),(68,'2021-05-27 05:44:40','2021-05-27 05:44:40','2021-05-27 05:44:38','2021-07-06 05:44:38','2021-07-06 05:44:38',8,10),(69,'2021-05-27 05:44:40','2021-05-27 05:44:40','2021-05-27 05:44:38','2021-07-06 05:44:38','2021-07-06 05:44:38',8,6),(70,'2021-05-27 05:44:40','2021-05-27 05:44:40','2021-05-27 05:44:38','2021-07-06 05:44:38','2021-07-06 05:44:38',36,2),(71,'2021-05-27 05:44:40','2021-05-27 05:44:40','2021-05-27 05:44:38','2021-07-06 05:44:38','2021-07-06 05:44:38',67,8),(72,'2021-05-27 05:44:41','2021-05-27 05:44:41','2021-05-27 05:44:38','2021-07-06 05:44:38','2021-07-06 05:44:38',69,6),(73,'2021-05-27 05:44:41','2021-05-27 05:44:41','2021-05-27 05:44:38','2021-07-06 05:44:38','2021-07-06 05:44:38',50,8),(74,'2021-05-27 05:44:41','2021-05-27 05:44:41','2021-05-27 05:44:38','2021-07-06 05:44:38','2021-07-06 05:44:38',26,7),(75,'2021-05-27 05:44:41','2021-05-27 05:44:41','2021-05-27 05:44:38','2021-07-06 05:44:38','2021-07-06 05:44:38',85,2),(76,'2021-05-27 05:44:41','2021-05-27 05:44:41','2021-05-27 05:44:38','2021-07-06 05:44:38','2021-07-06 05:44:38',30,7),(77,'2021-05-27 05:44:41','2021-05-27 05:44:41','2021-05-27 05:44:38','2021-07-06 05:44:38','2021-07-06 05:44:38',64,2),(78,'2021-05-27 05:44:41','2021-05-27 05:44:41','2021-05-27 05:44:38','2021-07-06 05:44:38','2021-07-06 05:44:38',88,4),(79,'2021-05-27 05:44:41','2021-05-27 05:44:41','2021-05-27 05:44:38','2021-07-06 05:44:38','2021-07-06 05:44:38',88,6),(80,'2021-05-27 05:44:41','2021-05-27 05:44:41','2021-05-27 05:44:38','2021-07-06 05:44:38','2021-07-06 05:44:38',45,1),(81,'2021-05-27 05:44:41','2021-05-27 05:44:41','2021-05-27 05:44:38','2021-07-06 05:44:38','2021-07-06 05:44:38',34,6),(82,'2021-05-27 05:44:41','2021-05-27 05:44:41','2021-05-27 05:44:38','2021-07-06 05:44:38','2021-07-06 05:44:38',32,9),(83,'2021-05-27 05:44:41','2021-05-27 05:44:41','2021-05-27 05:44:38','2021-07-06 05:44:38','2021-07-06 05:44:38',61,7),(84,'2021-05-27 05:44:41','2021-05-27 05:44:41','2021-05-27 05:44:38','2021-07-06 05:44:38','2021-07-06 05:44:38',82,8),(85,'2021-05-27 05:44:41','2021-05-27 05:44:41','2021-05-27 05:44:38','2021-07-06 05:44:38','2021-07-06 05:44:38',95,9),(86,'2021-05-27 05:44:41','2021-05-27 05:44:41','2021-05-27 05:44:38','2021-07-06 05:44:38','2021-07-06 05:44:38',7,9),(87,'2021-05-27 05:44:41','2021-05-27 05:44:41','2021-05-27 05:44:38','2021-07-06 05:44:38','2021-07-06 05:44:38',58,10),(88,'2021-05-27 05:44:41','2021-05-27 05:44:41','2021-05-27 05:44:38','2021-07-06 05:44:38','2021-07-06 05:44:38',5,6),(89,'2021-05-27 05:44:41','2021-05-27 05:44:41','2021-05-27 05:44:38','2021-07-06 05:44:38','2021-07-06 05:44:38',72,10),(90,'2021-05-27 05:44:41','2021-05-27 05:44:41','2021-05-27 05:44:38','2021-07-06 05:44:38','2021-07-06 05:44:38',55,7),(91,'2021-05-27 05:44:41','2021-05-27 05:44:41','2021-05-27 05:44:38','2021-07-06 05:44:38','2021-07-06 05:44:38',12,6),(92,'2021-05-27 05:44:41','2021-05-27 05:44:41','2021-05-27 05:44:38','2021-07-06 05:44:38','2021-07-06 05:44:38',76,2),(93,'2021-05-27 05:44:41','2021-05-27 05:44:41','2021-05-27 05:44:38','2021-07-06 05:44:38','2021-07-06 05:44:38',27,7),(94,'2021-05-27 05:44:41','2021-05-27 05:44:41','2021-05-27 05:44:38','2021-07-06 05:44:38','2021-07-06 05:44:38',6,7),(95,'2021-05-27 05:44:42','2021-05-27 05:44:42','2021-05-27 05:44:38','2021-07-06 05:44:38','2021-07-06 05:44:38',39,4),(96,'2021-05-27 05:44:42','2021-05-27 05:44:42','2021-05-27 05:44:38','2021-07-06 05:44:38','2021-07-06 05:44:38',36,7),(97,'2021-05-27 05:44:42','2021-05-27 05:44:42','2021-05-27 05:44:38','2021-07-06 05:44:38','2021-07-06 05:44:38',64,3),(98,'2021-05-27 05:44:42','2021-05-27 05:44:42','2021-05-27 05:44:38','2021-07-06 05:44:38','2021-07-06 05:44:38',45,4),(99,'2021-05-27 05:44:42','2021-05-27 05:44:42','2021-05-27 05:44:38','2021-07-06 05:44:38','2021-07-06 05:44:38',17,7),(100,'2021-05-27 05:44:42','2021-05-27 05:44:42','2021-05-27 05:44:38','2021-07-06 05:44:38','2021-07-06 05:44:38',83,7);
/*!40000 ALTER TABLE `tenancies` ENABLE KEYS */;
UNLOCK TABLES;

--
-- Table structure for table `tenants`
--

DROP TABLE IF EXISTS `tenants`;
/*!40101 SET @saved_cs_client     = @@character_set_client */;
/*!40101 SET character_set_client = utf8 */;
CREATE TABLE `tenants` (
  `id` bigint(20) unsigned NOT NULL AUTO_INCREMENT,
  `created_at` timestamp NULL DEFAULT NULL,
  `updated_at` timestamp NULL DEFAULT NULL,
  `first_name` varchar(255) COLLATE utf8mb4_unicode_ci NOT NULL,
  `last_name` varchar(255) COLLATE utf8mb4_unicode_ci NOT NULL,
  `email` varchar(255) COLLATE utf8mb4_unicode_ci NOT NULL,
  `phone` varchar(255) COLLATE utf8mb4_unicode_ci NOT NULL,
  `status` varchar(255) COLLATE utf8mb4_unicode_ci NOT NULL,
  `password` varchar(255) COLLATE utf8mb4_unicode_ci NOT NULL,
  `remember_token` varchar(100) COLLATE utf8mb4_unicode_ci DEFAULT NULL,
  PRIMARY KEY (`id`),
  UNIQUE KEY `tenants_email_unique` (`email`),
  UNIQUE KEY `tenants_phone_unique` (`phone`)
) ENGINE=InnoDB AUTO_INCREMENT=11 DEFAULT CHARSET=utf8mb4 COLLATE=utf8mb4_unicode_ci;
/*!40101 SET character_set_client = @saved_cs_client */;

--
-- Dumping data for table `tenants`
--

LOCK TABLES `tenants` WRITE;
/*!40000 ALTER TABLE `tenants` DISABLE KEYS */;
INSERT INTO `tenants` VALUES (1,'2021-05-27 05:44:37','2021-05-27 05:44:37','Ashton','Champlin','lauretta.thompson@example.com','+15163516589','past','$2y$10$92IXUNpkjO0rOQ5byMi.Ye4oKoEa3Ro9llC/.og/at2.uheWG/igi','a42k1xo7i9xcwlQjJVycnyB2FdWuXJ'),(2,'2021-05-27 05:44:37','2021-05-27 05:44:37','Hildegard','Konopelski','zena.ziemann@example.com','669.560.7297','current','$2y$10$92IXUNpkjO0rOQ5byMi.Ye4oKoEa3Ro9llC/.og/at2.uheWG/igi','fQUOJjJmnuFSIIfGBW1MFNqQRw5ohd'),(3,'2021-05-27 05:44:37','2021-05-27 05:44:37','Elfrieda','Kohler','enola06@example.net','+1 (301) 629-5608','current','$2y$10$92IXUNpkjO0rOQ5byMi.Ye4oKoEa3Ro9llC/.og/at2.uheWG/igi','wpPKkUUNE1wpDb0ucVdOjU6fEuN5u4'),(4,'2021-05-27 05:44:37','2021-05-27 05:44:37','Maiya','Cassin','rshanahan@example.org','+1-909-429-6426','current','$2y$10$92IXUNpkjO0rOQ5byMi.Ye4oKoEa3Ro9llC/.og/at2.uheWG/igi','iNj4mTRBcxeZ3ri3gDGgrEPdpRSXBk'),(5,'2021-05-27 05:44:37','2021-05-27 05:44:37','Kiera','Gerlach','mable.wiegand@example.com','1-380-248-6145','prospective','$2y$10$92IXUNpkjO0rOQ5byMi.Ye4oKoEa3Ro9llC/.og/at2.uheWG/igi','894PTtkJJjrVXCv4l1Fgjoi8RmAJ5t'),(6,'2021-05-27 05:44:37','2021-05-27 05:44:37','Gilda','Rogahn','leann.oconner@example.net','1-225-569-9348','prospective','$2y$10$92IXUNpkjO0rOQ5byMi.Ye4oKoEa3Ro9llC/.og/at2.uheWG/igi','pOoSl0XtCZl6qsZelXanqf9qltQrJ8'),(7,'2021-05-27 05:44:37','2021-05-27 05:44:37','Billy','Franecki','thudson@example.org','541-876-4038','current','$2y$10$92IXUNpkjO0rOQ5byMi.Ye4oKoEa3Ro9llC/.og/at2.uheWG/igi','kaHo8zs0zaKbhmAy3DepoBVTXMCVoc'),(8,'2021-05-27 05:44:37','2021-05-27 05:44:37','Princess','Stamm','heaney.george@example.net','1-406-376-4514','current','$2y$10$92IXUNpkjO0rOQ5byMi.Ye4oKoEa3Ro9llC/.og/at2.uheWG/igi','RWciZpi6z96YL1itOJ9myPpmvTxxIS'),(9,'2021-05-27 05:44:37','2021-05-27 05:44:37','Tavares','Wilderman','xprohaska@example.net','1-339-395-8248','current','$2y$10$92IXUNpkjO0rOQ5byMi.Ye4oKoEa3Ro9llC/.og/at2.uheWG/igi','bXZBcvXGKU4ZvkGteEWguLncpbrsiZ'),(10,'2021-05-27 05:44:38','2021-05-27 05:44:38','Ayla','Schneider','donnie16@example.org','860.952.9261','past','$2y$10$92IXUNpkjO0rOQ5byMi.Ye4oKoEa3Ro9llC/.og/at2.uheWG/igi','i2ioUpp1an4yG1ojwPgrEpr03co4rE');
/*!40000 ALTER TABLE `tenants` ENABLE KEYS */;
UNLOCK TABLES;
/*!40103 SET TIME_ZONE=@OLD_TIME_ZONE */;

/*!40101 SET SQL_MODE=@OLD_SQL_MODE */;
/*!40014 SET FOREIGN_KEY_CHECKS=@OLD_FOREIGN_KEY_CHECKS */;
/*!40014 SET UNIQUE_CHECKS=@OLD_UNIQUE_CHECKS */;
/*!40101 SET CHARACTER_SET_CLIENT=@OLD_CHARACTER_SET_CLIENT */;
/*!40101 SET CHARACTER_SET_RESULTS=@OLD_CHARACTER_SET_RESULTS */;
/*!40101 SET COLLATION_CONNECTION=@OLD_COLLATION_CONNECTION */;
/*!40111 SET SQL_NOTES=@OLD_SQL_NOTES */;

-- Dump completed on 2021-05-27 12:42:20
